Date,BHARTIARTL.NS,HDFCBANK.NS,INFY.NS,NIFTYBEES.NS,RELIANCE.NS,TCS.NS
2021-11-01 00:00:00+00:00,702.1904907226562,1547.723388671875,1580.29248046875,193.83999633789062,1151.4769287109375,3271.8486328125
2021-11-02 00:00:00+00:00,703.6195068359375,1549.121337890625,1578.2938232421875,193.10000610351562,1134.6888427734375,3279.189208984375
2021-11-03 00:00:00+00:00,688.984375,1524.728759765625,1582.56982421875,192.5800018310547,1126.884765625,3286.765869140625
2021-11-04 00:00:00+00:00,690.9553833007812,1536.7802734375,1588.3328857421875,193.58999633789062,1133.803955078125,3302.200927734375
2021-11-08 00:00:00+00:00,698.7411499023438,1542.8544921875,1615.1041259765625,195.3699951171875,1135.2105712890625,3296.647705078125
2021-11-09 00:00:00+00:00,702.88037109375,1515.8587646484375,1619.751953125,194.8800048828125,1144.1717529296875,3299.423828125
2021-11-10 00:00:00+00:00,724.8084716796875,1499.468505859375,1617.567626953125,194.66000366210938,1156.9669189453125,3279.28369140625
2021-11-11 00:00:00+00:00,718.0575561523438,1492.7677001953125,1611.199951171875,193.25,1159.076904296875,3282.9541015625
2021-11-12 00:00:00+00:00,732.7418823242188,1497.2991943359375,1654.7962646484375,195.4600067138672,1176.568115234375,3318.576904296875
2021-11-15 00:00:00+00:00,726.8779907226562,1501.396728515625,1661.2568359375,195.52000427246094,1169.6260986328125,3344.2236328125
2021-11-16 00:00:00+00:00,719.7329711914062,1492.4783935546875,1666.0439453125,194.47000122070312,1142.44775390625,3347.141357421875
2021-11-17 00:00:00+00:00,709.6312255859375,1475.895263671875,1661.5355224609375,193.52999877929688,1117.9915771484375,3314.67138671875
2021-11-18 00:00:00+00:00,704.0137329101562,1484.18701171875,1654.0528564453125,192.13999938964844,1122.2113037109375,3271.189453125
2021-11-22 00:00:00+00:00,731.3621215820312,1460.99951171875,1635.461669921875,188.52999877929688,1072.505126953125,3254.9072265625
2021-11-23 00:00:00+00:00,747.9191284179688,1461.1923828125,1614.5465087890625,189.39999389648438,1082.532470703125,3260.4130859375
2021-11-24 00:00:00+00:00,747.9191284179688,1463.602783203125,1576.527587890625,188.25,1066.9014892578125,3240.696044921875
2021-11-25 00:00:00+00:00,754.0786743164062,1471.21923828125,1601.068115234375,189.50999450683594,1131.126953125,3243.142822265625
2021-11-26 00:00:00+00:00,728.0606689453125,1436.46240234375,1572.484130859375,184.50999450683594,1094.6697998046875,3244.037109375
2021-11-29 00:00:00+00:00,728.6519165039062,1447.4051513671875,1576.85302734375,184.5500030517578,1107.78271484375,3295.9423828125
2021-11-30 00:00:00+00:00,717.712646484375,1439.9814453125,1592.0047607421875,183.6999969482422,1091.40283203125,3321.49462890625
2021-12-01 00:00:00+00:00,711.7994384765625,1450.683349609375,1594.09619140625,185.72000122070312,1119.352783203125,3367.2822265625
2021-12-02 00:00:00+00:00,721.9503784179688,1471.026611328125,1625.096923828125,187.99000549316406,1126.5443115234375,3428.55126953125
2021-12-03 00:00:00+00:00,707.9558715820312,1459.26416015625,1613.291748046875,186.0,1092.696044921875,3426.245361328125
2021-12-06 00:00:00+00:00,687.506103515625,1449.86376953125,1575.876953125,183.00999450683594,1071.9832763671875,3328.31787109375
2021-12-07 00:00:00+00:00,688.7379150390625,1470.9781494140625,1591.0751953125,185.7100067138672,1080.717529296875,3373.587646484375
2021-12-08 00:00:00+00:00,704.8021240234375,1498.0704345703125,1629.8377685546875,188.47999572753906,1097.1654052734375,3413.4931640625
2021-12-09 00:00:00+00:00,703.6195068359375,1472.0869140625,1639.2261962890625,189.13999938964844,1114.5657958984375,3389.822998046875
2021-12-10 00:00:00+00:00,700.41650390625,1467.9412841796875,1635.3221435546875,189.08999633789062,1115.7003173828125,3422.810791015625
2021-12-13 00:00:00+00:00,692.9264526367188,1456.9503173828125,1621.7506103515625,187.89999389648438,1093.3314208984375,3397.2587890625
2021-12-14 00:00:00+00:00,681.5928955078125,1448.5621337890625,1628.7222900390625,187.3300018310547,1079.9462890625,3410.575439453125
2021-12-15 00:00:00+00:00,675.5319213867188,1446.2000732421875,1612.0367431640625,186.25,1076.7928466796875,3360.270263671875
2021-12-16 00:00:00+00:00,671.54052734375,1446.29638671875,1646.8021240234375,186.6199951171875,1090.7222900390625,3370.8583984375
2021-12-17 00:00:00+00:00,656.4125366210938,1420.2166748046875,1692.582763671875,183.77000427246094,1061.9332275390625,3373.44677734375
2021-12-20 00:00:00+00:00,648.7254638671875,1374.516845703125,1672.178955078125,179.92999267578125,1033.3028564453125,3347.611572265625
2021-12-21 00:00:00+00:00,657.3488159179688,1390.0875244140625,1683.984375,181.4499969482422,1048.6842041015625,3395.987548828125
2021-12-22 00:00:00+00:00,674.842041015625,1393.3656005859375,1696.1614990234375,183.3300018310547,1073.5714111328125,3417.116455078125
2021-12-23 00:00:00+00:00,668.9288330078125,1392.304931640625,1726.7437744140625,184.10000610351562,1073.185791015625,3447.18603515625
2021-12-24 00:00:00+00:00,667.25341796875,1387.29150390625,1732.228271484375,183.4499969482422,1076.611328125,3454.904296875
2021-12-27 00:00:00+00:00,665.9722290039062,1398.7647705078125,1734.6917724609375,184.5500030517578,1075.4544677734375,3478.62109375
2021-12-28 00:00:00+00:00,670.2100219726562,1408.4061279296875,1755.00244140625,186.3000030517578,1088.2266845703125,3488.45654296875
2021-12-29 00:00:00+00:00,667.0563354492188,1401.705322265625,1752.7249755859375,186.1199951171875,1090.0872802734375,3477.30322265625
2021-12-30 00:00:00+00:00,669.5200805664062,1409.0809326171875,1759.5108642578125,186.13999938964844,1070.395263671875,3514.0556640625
2021-12-31 00:00:00+00:00,673.90576171875,1426.3388671875,1754.77001953125,187.7899932861328,1074.50146484375,3518.38525390625
2022-01-03 00:00:00+00:00,681.2972412109375,1465.145263671875,1764.71630859375,190.72000122070312,1090.6995849609375,3593.113525390625
2022-01-04 00:00:00+00:00,687.3582153320312,1473.72607421875,1765.3670654296875,192.4600067138672,1115.314453125,3656.171142578125
2022-01-05 00:00:00+00:00,689.8713989257812,1508.72412109375,1714.7061767578125,193.33999633789062,1120.532470703125,3633.771484375
2022-01-06 00:00:00+00:00,700.1209106445312,1484.5242919921875,1689.7476806640625,191.9199981689453,1096.4393310546875,3583.41943359375
2022-01-07 00:00:00+00:00,694.5033569335938,1494.93701171875,1686.494140625,192.4199981689453,1105.287109375,3626.759521484375
2022-01-10 00:00:00+00:00,694.749755859375,1503.228515625,1720.37646484375,194.35000610351562,1106.194580078125,3651.559326171875
2022-01-11 00:00:00+00:00,693.271484375,1509.7364501953125,1724.884765625,194.69000244140625,1114.1575927734375,3685.48828125
2022-01-12 00:00:00+00:00,719.6343994140625,1500.8182373046875,1745.195556640625,196.1999969482422,1143.8995361328125,3632.783203125
2022-01-13 00:00:00+00:00,721.211181640625,1473.19580078125,1763.1826171875,197.0,1150.3424072265625,3668.54736328125
2022-01-14 00:00:00+00:00,710.1732177734375,1489.7308349609375,1793.4395751953125,197.36000061035156,1152.0213623046875,3734.664306640625
2022-01-17 00:00:00+00:00,718.0575561523438,1466.9288330078125,1802.8746337890625,198.02999877929688,1158.033203125,3782.66259765625
2022-01-18 00:00:00+00:00,704.0137329101562,1474.4010009765625,1785.4454345703125,195.97000122070312,1144.2171630859375,3755.79345703125
2022-01-19 00:00:00+00:00,693.517822265625,1463.98828125,1735.5284423828125,194.17999267578125,1144.12646484375,3690.7861328125
2022-01-20 00:00:00+00:00,705.048583984375,1454.8773193359375,1695.23193359375,192.17999267578125,1124.09423828125,3607.723876953125
2022-01-21 00:00:00+00:00,685.1900634765625,1467.025390625,1659.9088134765625,190.63999938964844,1124.2757568359375,3614.2763671875
2022-01-24 00:00:00+00:00,679.9175415039062,1433.328857421875,1614.45361328125,185.7899932861328,1078.9254150390625,3555.6806640625
2022-01-25 00:00:00+00:00,701.5498657226562,1434.6787109375,1600.835693359375,187.07000732421875,1076.8155517578125,3554.3134765625
2022-01-27 00:00:00+00:00,697.0164794921875,1422.0484619140625,1560.3531494140625,185.3300018310547,1060.8668212890625,3440.5634765625
2022-01-28 00:00:00+00:00,705.4426879882812,1410.7681884765625,1567.4178466796875,185.10000610351562,1059.8460693359375,3479.030029296875
2022-01-31 00:00:00+00:00,718.7473754882812,1432.4129638671875,1613.8956298828125,187.6300048828125,1082.872802734375,3522.587890625
2022-02-01 00:00:00+00:00,712.5878295898438,1443.3077392578125,1647.2203369140625,189.6999969482422,1079.288330078125,3583.305419921875
2022-02-02 00:00:00+00:00,714.558837890625,1476.2808837890625,1661.2103271484375,192.1199951171875,1081.489013671875,3635.678955078125
2022-02-03 00:00:00+00:00,711.2081298828125,1460.99951171875,1616.080322265625,190.00999450683594,1067.5140380859375,3605.88525390625
2022-02-04 00:00:00+00:00,709.7791137695312,1469.3392333984375,1618.4505615234375,189.58999633789062,1057.781494140625,3596.73974609375
2022-02-07 00:00:00+00:00,696.27734375,1415.4923095703125,1594.189208984375,186.33999633789062,1051.338623046875,3562.89306640625
2022-02-08 00:00:00+00:00,698.6426391601562,1409.41845703125,1596.3272705078125,186.80999755859375,1069.0113525390625,3529.376220703125
2022-02-09 00:00:00+00:00,708.9413452148438,1443.8861083984375,1614.9183349609375,189.02999877929688,1081.4661865234375,3545.498291015625
2022-02-10 00:00:00+00:00,713.5733642578125,1470.3997802734375,1644.94287109375,190.11000061035156,1080.3546142578125,3554.73779296875
2022-02-11 00:00:00+00:00,704.8021240234375,1464.3739013671875,1600.0919189453125,188.0,1078.2447509765625,3483.649658203125
2022-02-14 00:00:00+00:00,679.7203979492188,1420.8433837890625,1563.69970703125,182.58999633789062,1061.071044921875,3520.230712890625
2022-02-15 00:00:00+00:00,701.2542114257812,1463.3616943359375,1615.801513671875,187.58999633789062,1097.0972900390625,3599.47412109375
2022-02-16 00:00:00+00:00,711.3558959960938,1461.3851318359375,1611.199951171875,187.13999938964844,1094.8287353515625,3595.043212890625
2022-02-17 00:00:00+00:00,706.6253662109375,1452.466796875,1603.2989501953125,186.92999267578125,1108.6900634765625,3567.79541015625
2022-02-18 00:00:00+00:00,702.23974609375,1458.1070556640625,1586.7061767578125,186.63999938964844,1100.0238037109375,3576.94091796875
2022-02-21 00:00:00+00:00,699.6773681640625,1467.5074462890625,1608.7833251953125,186.2899932861328,1088.9075927734375,3506.701416015625
2022-02-22 00:00:00+00:00,689.1322021484375,1456.5162353515625,1612.1761474609375,185.27000427246094,1083.9617919921875,3381.3076171875
2022-02-23 00:00:00+00:00,694.2077026367188,1447.06787109375,1620.077392578125,185.0500030517578,1077.178466796875,3359.99951171875
2022-02-24 00:00:00+00:00,661.1924438476562,1368.4908447265625,1559.93505859375,178.36000061035156,1023.5020751953125,3207.1220703125
2022-02-25 00:00:00+00:00,678.6856079101562,1403.8746337890625,1575.2261962890625,180.85000610351562,1036.2974853515625,3319.41162109375
2022-02-28 00:00:00+00:00,676.5667114257812,1375.09521484375,1594.7469482421875,181.83999633789062,1070.5994873046875,3350.948486328125
2022-03-02 00:00:00+00:00,664.4939575195312,1324.9603271484375,1582.8487548828125,180.10000610351562,1088.294921875,3343.358642578125
2022-03-03 00:00:00+00:00,662.3258056640625,1321.826904296875,1599.6270751953125,178.86000061035156,1079.10693359375,3341.708984375
2022-03-04 00:00:00+00:00,644.2413330078125,1317.4884033203125,1601.9046630859375,176.25999450683594,1055.172607421875,3322.8056640625
2022-03-07 00:00:00+00:00,665.6272583007812,1277.283935546875,1617.2886962890625,172.3300018310547,1016.1519165039062,3285.611572265625
2022-03-08 00:00:00+00:00,673.1173095703125,1280.1763916015625,1652.937255859375,173.39999389648438,1014.3141479492188,3394.08251953125
2022-03-09 00:00:00+00:00,681.4943237304688,1321.9715576171875,1685.611083984375,176.97999572753906,1068.1265869140625,3424.865234375
2022-03-10 00:00:00+00:00,687.6539306640625,1342.74853515625,1697.277099609375,179.64999389648438,1085.4364013671875,3413.881591796875
2022-03-11 00:00:00+00:00,684.7958374023438,1346.7015380859375,1693.651611328125,179.97999572753906,1088.567138671875,3393.328125
2022-03-14 00:00:00+00:00,690.2655639648438,1390.810546875,1757.5120849609375,182.61000061035156,1097.505615234375,3434.670166015625
2022-03-15 00:00:00+00:00,692.9264526367188,1372.9259033203125,1709.7332763671875,180.60000610351562,1072.3690185546875,3388.378173828125
2022-03-16 00:00:00+00:00,701.6976928710938,1396.209716796875,1756.3038330078125,183.66000366210938,1090.472900390625,3446.832763671875
2022-03-17 00:00:00+00:00,712.4400024414062,1426.9656982421875,1723.9552001953125,186.7100067138672,1126.022705078125,3462.71923828125
2022-03-21 00:00:00+00:00,697.9526977539062,1433.1842041015625,1722.5145263671875,185.3800048828125,1119.5343017578125,3419.30224609375
2022-03-22 00:00:00+00:00,708.8428344726562,1440.5599365234375,1754.4447021484375,187.33999633789062,1148.4595947265625,3489.306640625
2022-03-23 00:00:00+00:00,694.749755859375,1426.1942138671875,1740.5013427734375,186.33999633789062,1152.1119384765625,3500.1015625
2022-03-24 00:00:00+00:00,696.1294555664062,1390.9071044921875,1753.7940673828125,186.08999633789062,1170.01171875,3535.409912109375
2022-03-25 00:00:00+00:00,699.0859985351562,1379.5784912109375,1744.359130859375,185.82000732421875,1177.81591796875,3495.434814453125
2022-03-28 00:00:00+00:00,722.4431762695312,1381.410400390625,1741.895751953125,186.32000732421875,1189.658203125,3495.67041015625
2022-03-29 00:00:00+00:00,744.0262451171875,1399.7288818359375,1753.1434326171875,187.22000122070312,1189.9305419921875,3493.454833984375
2022-03-30 00:00:00+00:00,738.6550903320312,1423.9766845703125,1769.828857421875,188.91000366210938,1212.798583984375,3518.156494140625
2022-03-31 00:00:00+00:00,744.0262451171875,1417.613525390625,1772.524658203125,188.8699951171875,1195.466064453125,3526.076171875
2022-04-01 00:00:00+00:00,747.52490234375,1451.98486328125,1769.4571533203125,190.47000122070312,1205.039794921875,3543.80078125
2022-04-04 00:00:00+00:00,756.6903076171875,1597.3763427734375,1750.30810546875,195.19000244140625,1208.6015625,3554.73779296875
2022-04-05 00:00:00+00:00,755.5076904296875,1550.5675048828125,1729.997314453125,194.5500030517578,1191.5186767578125,3596.6455078125
2022-04-06 00:00:00+00:00,764.4267578125,1495.2261962890625,1700.0191650390625,193.0,1188.342529296875,3540.595458984375
2022-04-07 00:00:00+00:00,751.3685302734375,1462.3492431640625,1683.4266357421875,191.25999450683594,1167.3802490234375,3473.46728515625
2022-04-08 00:00:00+00:00,751.07275390625,1460.3245849609375,1686.77294921875,192.75999450683594,1186.7998046875,3474.881103515625
2022-04-11 00:00:00+00:00,747.0813598632812,1442.4881591796875,1642.1077880859375,191.6699981689453,1184.3270263671875,3485.016357421875
2022-04-12 00:00:00+00:00,730.9187622070312,1439.9332275390625,1619.7054443359375,190.4199981689453,1162.0262451171875,3480.02001953125
2022-04-13 00:00:00+00:00,729.9332275390625,1412.4072265625,1625.3758544921875,189.5399932861328,1157.760986328125,3452.537109375
2022-04-18 00:00:00+00:00,718.9445190429688,1345.39990234375,1507.182861328125,186.22999572753906,1154.221923828125,3326.2939453125
2022-04-19 00:00:00+00:00,713.0313110351562,1294.059814453125,1451.967041015625,183.67999267578125,1198.211181640625,3273.35498046875
2022-04-20 00:00:00+00:00,728.6519165039062,1305.725830078125,1475.856689453125,185.86000061035156,1233.4432373046875,3353.399658203125
2022-04-21 00:00:00+00:00,725.1040649414062,1325.0567626953125,1504.765869140625,188.10000610351562,1262.3231201171875,3421.140869140625
2022-04-22 00:00:00+00:00,728.0606689453125,1306.9791259765625,1473.76513671875,186.08999633789062,1251.7513427734375,3405.961669921875
2022-04-25 00:00:00+00:00,728.6519165039062,1316.76513671875,1451.1304931640625,183.86000061035156,1222.8033447265625,3345.291748046875
2022-04-26 00:00:00+00:00,745.356689453125,1322.8392333984375,1469.628662109375,186.11000061035156,1259.3966064453125,3343.50048828125
2022-04-27 00:00:00+00:00,741.6116943359375,1323.3212890625,1443.415283203125,184.77999877929688,1260.6217041015625,3357.54833984375
2022-04-28 00:00:00+00:00,736.5361938476562,1322.164306640625,1471.115966796875,186.41000366210938,1279.4515380859375,3379.327392578125
2022-04-29 00:00:00+00:00,728.3070678710938,1334.939208984375,1457.1260986328125,185.42999267578125,1266.0211181640625,3343.877197265625
2022-05-02 00:00:00+00:00,730.6229858398438,1353.3541259765625,1432.4462890625,185.1199951171875,1261.5745849609375,3339.8232421875
2022-05-04 00:00:00+00:00,711.947265625,1307.3648681640625,1427.3804931640625,181.0500030517578,1222.190673828125,3280.755859375
2022-05-05 00:00:00+00:00,708.547119140625,1304.4241943359375,1473.4862060546875,181.00999450683594,1198.25634765625,3312.48193359375
2022-05-06 00:00:00+00:00,699.9730834960938,1270.342041015625,1434.166015625,177.94000244140625,1189.0684814453125,3236.30224609375
2022-05-09 00:00:00+00:00,701.2049560546875,1272.5113525390625,1459.728759765625,176.9499969482422,1142.629150390625,3248.087890625
2022-05-10 00:00:00+00:00,709.237060546875,1292.951171875,1443.60107421875,176.16000366210938,1122.82373046875,3242.10107421875
2022-05-11 00:00:00+00:00,712.3906860351562,1300.230224609375,1419.2003173828125,175.33999633789062,1111.32177734375,3216.88037109375
2022-05-12 00:00:00+00:00,695.1932373046875,1270.9212646484375,1402.5147705078125,171.72000122070312,1088.6806640625,3213.721923828125
2022-05-13 00:00:00+00:00,679.9175415039062,1259.5096435546875,1398.4246826171875,171.39999389648438,1101.0220947265625,3219.61474609375
2022-05-16 00:00:00+00:00,683.1697387695312,1272.9205322265625,1384.202392578125,172.1300048828125,1101.2943115234375,3183.693359375
2022-05-17 00:00:00+00:00,696.8193359375,1281.6011962890625,1411.4847412109375,176.44000244140625,1147.552001953125,3254.216064453125
2022-05-18 00:00:00+00:00,686.0770263671875,1281.503662109375,1402.886474609375,176.0500030517578,1151.7264404296875,3251.575927734375
2022-05-19 00:00:00+00:00,664.4939575195312,1255.3157958984375,1326.616455078125,171.6999969482422,1125.1832275390625,3075.41162109375
2022-05-20 00:00:00+00:00,677.9464111328125,1288.3797607421875,1352.64404296875,175.9199981689453,1190.7926025390625,3104.685546875
2022-05-23 00:00:00+00:00,675.9260864257812,1271.8477783203125,1364.960693359375,175.52999877929688,1182.82958984375,3131.79150390625
2022-05-24 00:00:00+00:00,668.3867797851562,1286.4290771484375,1339.4908447265625,175.08999633789062,1186.8905029296875,3099.971435546875
2022-05-25 00:00:00+00:00,678.2420654296875,1296.0362548828125,1311.0927734375,174.1300048828125,1185.1436767578125,3006.621337890625
2022-05-26 00:00:00+00:00,683.6132202148438,1333.001708984375,1323.641845703125,175.57000732421875,1173.8458251953125,3062.90673828125
2022-05-27 00:00:00+00:00,674.4970703125,1357.726806640625,1358.4072265625,177.10000610351562,1168.40087890625,3095.510498046875
2022-05-30 00:00:00+00:00,688.93505859375,1366.9925537109375,1419.2467041015625,180.42999267578125,1209.1007080078125,3203.66796875
2022-05-31 00:00:00+00:00,690.0684814453125,1354.703125,1412.483154296875,179.8699951171875,1194.5130615234375,3193.322021484375
2022-06-01 00:00:00+00:00,684.5988159179688,1360.4576416015625,1388.951171875,179.58999633789062,1194.89892578125,3184.63671875
2022-06-02 00:00:00+00:00,685.8800048828125,1350.9481201171875,1416.6165771484375,180.67999267578125,1236.09765625,3248.990478515625
2022-06-03 00:00:00+00:00,676.5667114257812,1346.2664794921875,1429.486083984375,180.2100067138672,1261.1434326171875,3265.26806640625
2022-06-06 00:00:00+00:00,673.0680541992188,1344.4620361328125,1437.3302001953125,180.14999389648438,1255.721435546875,3256.536376953125
2022-06-07 00:00:00+00:00,675.384033203125,1329.0029296875,1415.395263671875,178.55999755859375,1258.080810546875,3191.755859375
2022-06-08 00:00:00+00:00,653.702392578125,1333.6845703125,1409.1011962890625,178.0800018310547,1235.984130859375,3231.098876953125
2022-06-09 00:00:00+00:00,666.5635375976562,1343.73046875,1423.1920166015625,179.39999389648438,1269.8778076171875,3252.882080078125
2022-06-10 00:00:00+00:00,663.60693359375,1317.786376953125,1387.3070068359375,176.4600067138672,1231.5377197265625,3189.09814453125
2022-06-13 00:00:00+00:00,661.586669921875,1293.8905029296875,1338.176513671875,171.8699951171875,1208.2384033203125,3055.9306640625
2022-06-14 00:00:00+00:00,672.1810913085938,1279.6505126953125,1353.25390625,171.3000030517578,1192.44873046875,3047.340087890625
2022-06-15 00:00:00+00:00,672.2303466796875,1275.212646484375,1336.0157470703125,171.10000610351562,1178.02001953125,3043.306640625
2022-06-16 00:00:00+00:00,644.7340698242188,1249.70751953125,1312.53076171875,167.55999755859375,1161.5496826171875,2982.27490234375
2022-06-17 00:00:00+00:00,634.336669921875,1257.9490966796875,1303.230712890625,166.8699951171875,1175.1614990234375,2931.87451171875
2022-06-20 00:00:00+00:00,631.6265258789062,1289.55029296875,1328.4537353515625,167.30999755859375,1153.8590087890625,2954.1796875
2022-06-21 00:00:00+00:00,644.8325805664062,1303.59521484375,1362.0372314453125,170.25999450683594,1172.484619140625,3048.669189453125
2022-06-22 00:00:00+00:00,633.5482788085938,1297.4505615234375,1350.15380859375,168.0800018310547,1136.86669921875,3059.10986328125
2022-06-23 00:00:00+00:00,650.6472778320312,1302.229736328125,1364.4324951171875,169.7100067138672,1118.422607421875,3140.595703125
2022-06-24 00:00:00+00:00,661.4880981445312,1320.419921875,1353.7703857421875,171.16000366210938,1134.3486328125,3125.694091796875
2022-06-27 00:00:00+00:00,674.0535888671875,1322.8094482421875,1385.2403564453125,172.6199951171875,1130.9908447265625,3146.195556640625
2022-06-28 00:00:00+00:00,671.2941284179688,1312.7147216796875,1390.4541015625,172.64999389648438,1146.89404296875,3149.470703125
2022-06-29 00:00:00+00:00,677.847900390625,1310.8126220703125,1374.5782470703125,171.86000061035156,1170.6923828125,3123.226318359375
2022-06-30 00:00:00+00:00,675.0391235351562,1314.762939453125,1373.31005859375,171.60000610351562,1177.7252197265625,3101.015625
2022-07-01 00:00:00+00:00,663.70556640625,1320.37109375,1389.74951171875,171.63999938964844,1092.9002685546875,3146.575439453125
2022-07-04 00:00:00+00:00,672.0332641601562,1322.2242431640625,1397.8284912109375,172.6300048828125,1095.1688232421875,3070.594970703125
2022-07-05 00:00:00+00:00,674.54638671875,1319.24951171875,1386.508544921875,172.0399932861328,1104.039306640625,3052.798095703125
2022-07-06 00:00:00+00:00,683.908935546875,1337.4395751953125,1401.2572021484375,174.1199951171875,1094.32958984375,3094.988525390625
2022-07-07 00:00:00+00:00,676.8623046875,1361.38427734375,1407.8800048828125,175.5399932861328,1083.553466796875,3120.7109375
2022-07-08 00:00:00+00:00,685.091552734375,1362.6522216796875,1422.6754150390625,176.27999877929688,1085.0509033203125,3099.44970703125
2022-07-11 00:00:00+00:00,650.9921875,1371.4791259765625,1383.8782958984375,176.22999572753906,1099.7969970703125,2955.5087890625
2022-07-12 00:00:00+00:00,653.4066772460938,1357.4830322265625,1351.422119140625,175.10000610351562,1098.2314453125,2927.88818359375
2022-07-13 00:00:00+00:00,634.1888427734375,1324.3699951171875,1356.9173583984375,174.05999755859375,1078.7664794921875,2884.27392578125
2022-07-14 00:00:00+00:00,632.36572265625,1317.73779296875,1342.262939453125,173.92999267578125,1087.6595458984375,2853.8203125
2022-07-15 00:00:00+00:00,642.3687744140625,1328.466552734375,1343.671875,175.02000427246094,1089.7696533203125,2849.871337890625
2022-07-18 00:00:00+00:00,653.4559936523438,1314.3240966796875,1399.61328125,177.38999938964844,1099.0484619140625,2915.441162109375
2022-07-19 00:00:00+00:00,663.1634521484375,1314.8116455078125,1394.2117919921875,177.8800048828125,1105.7862548828125,2925.671630859375
2022-07-20 00:00:00+00:00,660.9461059570312,1331.3924560546875,1423.473876953125,179.52999877929688,1135.68701171875,3011.844970703125
2022-07-21 00:00:00+00:00,668.53466796875,1327.198486328125,1440.0074462890625,180.5399932861328,1128.1097412109375,3023.7412109375
2022-07-22 00:00:00+00:00,669.02734375,1358.1656494140625,1415.01953125,181.88999938964844,1135.7325439453125,3017.745849609375
2022-07-25 00:00:00+00:00,668.5839233398438,1362.16455078125,1412.483154296875,181.4600067138672,1098.2088623046875,3013.701416015625
2022-07-26 00:00:00+00:00,674.201416015625,1359.3848876953125,1363.21142578125,179.91000366210938,1098.7080078125,2965.30859375
2022-07-27 00:00:00+00:00,665.1345825195312,1369.772216796875,1381.905517578125,181.60000610351562,1097.6644287109375,3034.733154296875
2022-07-28 00:00:00+00:00,657.2010498046875,1381.915283203125,1425.44677734375,184.17999267578125,1114.86083984375,3102.92041015625
2022-07-29 00:00:00+00:00,668.140380859375,1398.83740234375,1455.7894287109375,186.5399932861328,1138.6136474609375,3142.319091796875
2022-08-01 00:00:00+00:00,687.4437255859375,1410.492919921875,1457.0574951171875,188.6300048828125,1168.28759765625,3139.369384765625
2022-08-02 00:00:00+00:00,679.8707885742188,1394.98486328125,1450.05908203125,188.6199951171875,1172.7342529296875,3132.70751953125
2022-08-03 00:00:00+00:00,686.1567993164062,1398.252197265625,1471.195556640625,189.11000061035156,1182.580078125,3178.10205078125
2022-08-04 00:00:00+00:00,687.295166015625,1396.5941162109375,1502.947265625,189.1699981689453,1166.9490966796875,3192.80517578125
2022-08-05 00:00:00+00:00,696.5508422851562,1391.8638916015625,1518.6822509765625,189.25,1149.752685546875,3202.41748046875
2022-08-08 00:00:00+00:00,697.2437744140625,1426.0008544921875,1521.265625,190.7899932861328,1164.7938232421875,3211.36328125
2022-08-10 00:00:00+00:00,708.0338134765625,1430.14599609375,1505.3427734375,191.0399932861328,1171.758544921875,3192.13916015625
2022-08-11 00:00:00+00:00,702.6387939453125,1449.0675048828125,1521.7822265625,192.33999633789062,1175.66064453125,3257.09033203125
2022-08-12 00:00:00+00:00,702.539794921875,1448.5311279296875,1497.4986572265625,192.86000061035156,1194.6719970703125,3237.1533203125
2022-08-16 00:00:00+00:00,696.996337890625,1465.112060546875,1499.706298828125,194.08999633789062,1202.9752197265625,3228.730712890625
2022-08-17 00:00:00+00:00,715.6561279296875,1472.6710205078125,1508.9124755859375,195.5500030517578,1209.2593994140625,3236.72509765625
2022-08-18 00:00:00+00:00,725.802734375,1474.426513671875,1487.0245361328125,195.7100067138672,1215.41796875,3217.834228515625
2022-08-19 00:00:00+00:00,724.9118041992188,1456.236572265625,1500.31689453125,193.61000061035156,1193.74755859375,3222.1171875
2022-08-22 00:00:00+00:00,720.2592163085938,1434.0960693359375,1480.1669921875,190.9499969482422,1190.4364013671875,3192.4248046875
2022-08-23 00:00:00+00:00,730.1583251953125,1429.658447265625,1448.9317626953125,192.19000244140625,1208.7957763671875,3125.855712890625
2022-08-24 00:00:00+00:00,731.2966918945312,1436.5345458984375,1444.3287353515625,192.6300048828125,1205.5760498046875,3098.01904296875
2022-08-25 00:00:00+00:00,733.5240478515625,1428.731689453125,1426.1513671875,191.77999877929688,1202.0595703125,3062.66455078125
2022-08-26 00:00:00+00:00,723.4764404296875,1428.9755859375,1429.3453369140625,191.9199981689453,1195.6427001953125,3066.470947265625
2022-08-29 00:00:00+00:00,713.3297729492188,1403.9093017578125,1373.169189453125,189.44000244140625,1186.348876953125,2981.154296875
2022-08-30 00:00:00+00:00,719.269287109375,1449.457763671875,1402.478271484375,193.9199981689453,1204.75390625,3055.955322265625
2022-09-01 00:00:00+00:00,727.634033203125,1435.851806640625,1375.470458984375,191.82000732421875,1169.3367919921875,2980.344970703125
2022-09-02 00:00:00+00:00,727.5845947265625,1448.87255859375,1364.9493408203125,191.61000061035156,1155.681396484375,2979.107666015625
2022-09-05 00:00:00+00:00,732.9301147460938,1458.1871337890625,1372.746337890625,192.97999572753906,1173.6297607421875,2981.96240234375
2022-09-06 00:00:00+00:00,753.5697021484375,1452.6275634765625,1366.922119140625,192.47999572753906,1185.9833984375,2975.919677734375
2022-09-07 00:00:00+00:00,745.5018920898438,1445.75146484375,1369.317626953125,192.3699951171875,1179.0872802734375,2997.380615234375
2022-09-08 00:00:00+00:00,762.033447265625,1460.6741943359375,1386.4615478515625,194.0,1180.7542724609375,3016.460693359375
2022-09-09 00:00:00+00:00,758.0243530273438,1461.6495361328125,1420.045166015625,194.60000610351562,1173.4014892578125,3062.140869140625
2022-09-12 00:00:00+00:00,761.3900146484375,1456.72412109375,1443.1075439453125,195.63999938964844,1186.531494140625,3086.218505859375
2022-09-13 00:00:00+00:00,776.337646484375,1475.7919921875,1451.3271484375,196.9499969482422,1196.4420166015625,3073.275634765625
2022-09-14 00:00:00+00:00,775.44677734375,1490.9586181640625,1385.9920654296875,196.27000427246094,1182.1015625,2969.591064453125
2022-09-15 00:00:00+00:00,777.1790771484375,1483.2047119140625,1345.9735107421875,195.69000244140625,1170.38720703125,2954.317138671875
2022-09-16 00:00:00+00:00,771.7841186523438,1455.94384765625,1293.6019287109375,191.89999389648438,1141.3865966796875,2863.28955078125
2022-09-19 00:00:00+00:00,774.852783203125,1465.551025390625,1306.0489501953125,192.75,1142.8709716796875,2882.418212890625
2022-09-20 00:00:00+00:00,784.1580200195312,1483.2047119140625,1304.405029296875,194.44000244140625,1143.0535888671875,2893.362548828125
2022-09-21 00:00:00+00:00,772.3285522460938,1480.91259765625,1293.7896728515625,193.5,1146.2049560546875,2856.152099609375
2022-09-22 00:00:00+00:00,776.189208984375,1449.3602294921875,1285.0533447265625,192.9199981689453,1135.4039306640625,2862.052490234375
2022-09-23 00:00:00+00:00,763.5678100585938,1410.492919921875,1282.7047119140625,189.63999938964844,1114.12158203125,2837.927978515625
2022-09-26 00:00:00+00:00,747.4322509765625,1391.4736328125,1296.6077880859375,186.2100067138672,1085.7376708984375,2849.6806640625
2022-09-27 00:00:00+00:00,752.9262084960938,1378.9892578125,1309.1019287109375,186.0500030517578,1094.369384765625,2871.61669921875
2022-09-28 00:00:00+00:00,753.7677001953125,1355.2884521484375,1310.182373046875,184.47000122070312,1065.23193359375,2888.936767578125
2022-09-29 00:00:00+00:00,756.9354858398438,1348.265869140625,1313.8929443359375,184.07000732421875,1061.966552734375,2852.4404296875
2022-09-30 00:00:00+00:00,791.829833984375,1386.3043212890625,1327.7958984375,186.8300018310547,1085.9205322265625,2859.340087890625
2022-10-03 00:00:00+00:00,795.2449951171875,1378.355224609375,1309.289794921875,184.25,1082.152587890625,2840.687255859375
2022-10-04 00:00:00+00:00,800.541015625,1417.1739501953125,1342.779541015625,188.2899932861328,1102.1103515625,2941.7548828125
2022-10-06 00:00:00+00:00,780.6437377929688,1401.5684814453125,1366.9691162109375,188.94000244140625,1106.1749267578125,2952.03271484375
2022-10-07 00:00:00+00:00,785.0983276367188,1395.521240234375,1363.258544921875,189.19000244140625,1110.8563232421875,2916.7734375
2022-10-10 00:00:00+00:00,784.35595703125,1380.11083984375,1374.0146484375,188.75,1098.7308349609375,2967.83056640625
2022-10-11 00:00:00+00:00,772.4275512695312,1366.11474609375,1337.5189208984375,185.8699951171875,1076.8548583984375,2921.19873046875
2022-10-12 00:00:00+00:00,767.7254638671875,1375.0391845703125,1342.121826171875,187.2100067138672,1084.778564453125,2950.890625
2022-10-13 00:00:00+00:00,761.142578125,1359.238525390625,1333.855224609375,186.22999572753906,1088.2266845703125,2953.31787109375
2022-10-14 00:00:00+00:00,758.2223510742188,1403.5191650390625,1384.9114990234375,188.02000427246094,1082.7005615234375,2949.3681640625
2022-10-17 00:00:00+00:00,758.2717895507812,1410.883056640625,1399.6600341796875,188.8300018310547,1100.078125,2969.023193359375
2022-10-18 00:00:00+00:00,775.248779296875,1408.24951171875,1412.5770263671875,190.63999938964844,1119.4879150390625,3000.4619140625
2022-10-19 00:00:00+00:00,775.4962768554688,1422.6846923828125,1395.4329833984375,190.8300018310547,1138.9661865234375,2978.660400390625
2022-10-20 00:00:00+00:00,784.9004516601562,1413.07763671875,1409.94677734375,191.44000244140625,1142.026123046875,3012.484130859375
2022-10-21 00:00:00+00:00,789.4044799804688,1403.12890625,1409.57080078125,191.52000427246094,1128.78173828125,2993.49658203125
2022-10-24 00:00:00+00:00,794.007568359375,1425.0255126953125,1425.869384765625,193.1699981689453,1132.5494384765625,3016.681884765625
2022-10-25 00:00:00+00:00,794.20556640625,1415.125732421875,1433.807373046875,192.49000549316406,1115.057861328125,3017.06396484375
2022-10-27 00:00:00+00:00,808.856201171875,1418.5394287109375,1447.2452392578125,193.4499969482422,1119.4422607421875,3012.579345703125
2022-10-28 00:00:00+00:00,808.6087646484375,1422.7332763671875,1437.0836181640625,193.9600067138672,1153.69482421875,3018.161376953125
2022-10-31 00:00:00+00:00,823.6058959960938,1459.79638671875,1460.2557373046875,196.27000427246094,1164.4044189453125,3046.689697265625
2022-11-01 00:00:00+00:00,827.1201171875,1475.9384765625,1493.826416015625,197.97999572753906,1155.3846435546875,3110.187255859375
2022-11-02 00:00:00+00:00,801.6793823242188,1476.8648681640625,1475.117919921875,197.41000366210938,1162.6004638671875,3093.012939453125
2022-11-03 00:00:00+00:00,810.3906860351562,1470.37890625,1453.702880859375,197.38999938964844,1166.9390869140625,3059.665771484375
2022-11-04 00:00:00+00:00,808.163330078125,1460.2353515625,1437.7960205078125,197.77000427246094,1184.1112060546875,3069.8271484375
2022-11-07 00:00:00+00:00,814.3997802734375,1471.59814453125,1431.5755615234375,198.6199951171875,1190.4364013671875,3085.379638671875
2022-11-09 00:00:00+00:00,810.7865600585938,1471.1591796875,1435.136962890625,198.32000732421875,1189.2490234375,3068.53955078125
2022-11-10 00:00:00+00:00,817.4190063476562,1487.15478515625,1426.3525390625,196.86000061035156,1174.8629150390625,3058.616455078125
2022-11-11 00:00:00+00:00,818.557373046875,1571.424560546875,1491.0723876953125,200.22000122070312,1201.9453125,3163.85693359375
2022-11-14 00:00:00+00:00,813.6078491210938,1575.228271484375,1505.50732421875,200.1699981689453,1196.1224365234375,3182.51025390625
2022-11-15 00:00:00+00:00,826.8231201171875,1579.0809326171875,1513.7694091796875,200.91000366210938,1190.756103515625,3179.74365234375
2022-11-16 00:00:00+00:00,832.713134765625,1592.63818359375,1522.12646484375,200.8699951171875,1183.928466796875,3201.449951171875
2022-11-17 00:00:00+00:00,837.6132202148438,1578.2518310546875,1507.501708984375,200.1999969482422,1186.9884033203125,3195.39111328125
2022-11-18 00:00:00+00:00,828.8524169921875,1574.106689453125,1513.199462890625,199.9199981689453,1186.348876953125,3190.095703125
2022-11-21 00:00:00+00:00,842.6122436523438,1557.9647216796875,1489.2679443359375,198.5500030517578,1164.9981689453125,3132.895751953125
2022-11-22 00:00:00+00:00,839.0485229492188,1555.6727294921875,1505.2698974609375,199.22999572753906,1171.46044921875,3162.90283203125
2022-11-23 00:00:00+00:00,834.742431640625,1559.7203369140625,1503.465576171875,199.50999450683594,1167.806884765625,3156.558349609375
2022-11-24 00:00:00+00:00,839.7909545898438,1585.0792236328125,1547.7674560546875,201.72000122070312,1177.877197265625,3225.112548828125
2022-11-25 00:00:00+00:00,838.3060913085938,1577.7642822265625,1553.3231201171875,202.35000610351562,1195.4600830078125,3234.177001953125
2022-11-28 00:00:00+00:00,828.9514770507812,1560.793212890625,1541.6895751953125,203.0399932861328,1236.5404052734375,3239.52001953125
2022-11-29 00:00:00+00:00,827.4170532226562,1558.452392578125,1547.05517578125,203.42999267578125,1238.6639404296875,3241.523681640625
2022-11-30 00:00:00+00:00,840.1868896484375,1568.791015625,1552.658203125,204.6999969482422,1247.409912109375,3235.27392578125
2022-12-01 00:00:00+00:00,840.0383911132812,1579.568603515625,1573.6932373046875,205.5399932861328,1243.7333984375,3316.23193359375
2022-12-02 00:00:00+00:00,840.0880126953125,1567.474365234375,1555.459716796875,204.80999755859375,1243.2080078125,3281.40625
2022-12-05 00:00:00+00:00,835.5838623046875,1573.1800537109375,1557.216552734375,204.44000244140625,1225.0771484375,3268.76416015625
2022-12-06 00:00:00+00:00,824.9423217773438,1571.424560546875,1531.7181396484375,204.13999938964844,1228.6165771484375,3230.073974609375
2022-12-07 00:00:00+00:00,825.5857543945312,1570.74169921875,1524.6905517578125,202.8699951171875,1210.4854736328125,3225.5419921875
2022-12-08 00:00:00+00:00,824.1998291015625,1579.568603515625,1538.6031494140625,203.6199951171875,1209.9146728515625,3196.870361328125
2022-12-09 00:00:00+00:00,826.4766845703125,1590.8338623046875,1490.312744140625,202.47999572753906,1191.578125,3141.721435546875
2022-12-12 00:00:00+00:00,820.042236328125,1603.220703125,1469.324951171875,202.61000061035156,1193.4049072265625,3135.710205078125
2022-12-13 00:00:00+00:00,829.5948486328125,1607.6585693359375,1493.0191650390625,203.77000427246094,1198.8397216796875,3179.266845703125
2022-12-14 00:00:00+00:00,820.834228515625,1621.2645263671875,1499.904296875,204.35000610351562,1194.5010986328125,3210.991943359375
2022-12-15 00:00:00+00:00,818.0128784179688,1591.5654296875,1462.962158203125,201.5800018310547,1177.5345458984375,3153.505126953125
2022-12-16 00:00:00+00:00,814.44921875,1599.2216796875,1445.583251953125,200.16000366210938,1171.7115478515625,3091.629638671875
2022-12-19 00:00:00+00:00,831.9212036132812,1604.196044921875,1431.4805908203125,201.6699981689453,1187.1024169921875,3055.181640625
2022-12-20 00:00:00+00:00,820.586669921875,1593.1258544921875,1431.433349609375,201.2100067138672,1197.3782958984375,3095.15966796875
2022-12-21 00:00:00+00:00,805.7875366210938,1577.7154541015625,1433.5699462890625,199.39999389648438,1180.34326171875,3118.631591796875
2022-12-22 00:00:00+00:00,808.3612670898438,1572.3023681640625,1445.4407958984375,198.5500030517578,1177.2833251953125,3110.187255859375
2022-12-23 00:00:00+00:00,800.4915771484375,1558.25732421875,1421.74658203125,195.14999389648438,1142.7568359375,3080.275390625
2022-12-26 00:00:00+00:00,802.8178100585938,1589.273193359375,1426.7799072265625,197.22999572753906,1152.7357177734375,3103.698974609375
2022-12-27 00:00:00+00:00,806.5794677734375,1590.882568359375,1438.6031494140625,198.0,1162.1666259765625,3109.99658203125
2022-12-28 00:00:00+00:00,795.6904296875,1589.6146240234375,1434.1397705078125,197.99000549316406,1162.052490234375,3107.706298828125
2022-12-29 00:00:00+00:00,812.4694213867188,1600.8310546875,1441.1673583984375,198.77999877929688,1161.5272216796875,3118.822021484375
2022-12-30 00:00:00+00:00,797.9672241210938,1588.00537109375,1432.287841796875,198.0399932861328,1163.308349609375,3107.32470703125
2023-01-02 00:00:00+00:00,805.2925415039062,1588.541748046875,1447.292724609375,199.33999633789062,1176.415771484375,3111.8564453125
2023-01-03 00:00:00+00:00,809.3511962890625,1598.9290771484375,1445.915771484375,199.67999267578125,1167.806884765625,3159.468505859375
2023-01-04 00:00:00+00:00,803.6097412109375,1570.3516845703125,1419.5625,197.6699981689453,1150.223876953125,3162.616455078125
2023-01-05 00:00:00+00:00,798.9570922851562,1560.2567138671875,1400.94873046875,197.07000732421875,1148.168701171875,3159.2294921875
2023-01-06 00:00:00+00:00,787.9691162109375,1555.0875244140625,1375.5927734375,195.72000122070312,1158.6043701171875,3064.24609375
2023-01-09 00:00:00+00:00,811.133056640625,1558.1109619140625,1409.7332763671875,198.27999877929688,1185.960693359375,3167.673583984375
2023-01-10 00:00:00+00:00,784.8508911132812,1529.6309814453125,1395.773193359375,196.1300048828125,1168.4234619140625,3135.66259765625
2023-01-11 00:00:00+00:00,757.8263549804688,1551.6737060546875,1397.1976318359375,196.1300048828125,1153.69482421875,3176.022216796875
2023-01-12 00:00:00+00:00,749.2636108398438,1559.9642333984375,1406.0771484375,195.61000061035156,1128.78173828125,3181.41357421875
2023-01-13 00:00:00+00:00,756.5889282226562,1561.1834716796875,1427.9669189453125,196.61000061035156,1126.9549560546875,3219.769775390625
2023-01-16 00:00:00+00:00,751.4909057617188,1546.2119140625,1448.7171630859375,196.05999755859375,1116.2225341796875,3245.566162109375
2023-01-17 00:00:00+00:00,757.9747924804688,1569.22998046875,1462.0125732421875,197.47000122070312,1132.0699462890625,3288.73876953125
2023-01-18 00:00:00+00:00,768.71533203125,1596.9298095703125,1467.6156005859375,198.64999389648438,1130.197509765625,3300.03125
2023-01-19 00:00:00+00:00,764.2112426757812,1603.56201171875,1461.442626953125,198.42999267578125,1128.9873046875,3283.579833984375
2023-01-20 00:00:00+00:00,756.7374877929688,1619.9964599609375,1448.7646484375,197.4499969482422,1115.560302734375,3273.845458984375
2023-01-23 00:00:00+00:00,764.9042358398438,1631.8470458984375,1470.084716796875,198.44000244140625,1109.919921875,3324.2705078125
2023-01-24 00:00:00+00:00,767.824462890625,1653.6947021484375,1473.788330078125,198.4199981689453,1103.366455078125,3345.102294921875
2023-01-25 00:00:00+00:00,768.6658935546875,1607.9998779296875,1465.3363037109375,196.0399932861328,1088.112548828125,3338.726318359375
2023-01-27 00:00:00+00:00,766.68603515625,1575.9599609375,1442.686767578125,193.0,1067.4697265625,3320.522705078125
2023-01-30 00:00:00+00:00,762.429443359375,1574.3505859375,1461.34765625,193.25,1077.6998291015625,3342.52294921875
2023-01-31 00:00:00+00:00,762.5284423828125,1563.963134765625,1456.552001953125,193.44000244140625,1075.0052490234375,3269.561767578125
2023-02-01 00:00:00+00:00,761.3405151367188,1587.420166015625,1473.0286865234375,193.1300048828125,1068.63427734375,3317.89453125
2023-02-02 00:00:00+00:00,769.9032592773438,1563.8167724609375,1504.0352783203125,192.91000366210938,1062.7200927734375,3368.5625
2023-02-03 00:00:00+00:00,784.9004516601562,1617.899658203125,1518.8974609375,195.1199951171875,1063.65625,3389.881591796875
2023-02-06 00:00:00+00:00,781.2872314453125,1611.0234375,1490.8349609375,194.47999572753906,1055.6409912109375,3368.124755859375
2023-02-07 00:00:00+00:00,777.9710693359375,1613.4129638671875,1483.7598876953125,194.0399932861328,1053.1064453125,3380.39013671875
2023-02-08 00:00:00+00:00,767.2799682617188,1613.218017578125,1510.4454345703125,195.5399932861328,1074.1375732421875,3426.678466796875
2023-02-09 00:00:00+00:00,758.915283203125,1609.85302734375,1535.6116943359375,195.88999938964844,1076.0098876953125,3446.8779296875
2023-02-10 00:00:00+00:00,764.1618041992188,1616.2415771484375,1527.587158203125,195.49000549316406,1067.1500244140625,3443.66552734375
2023-02-13 00:00:00+00:00,760.8455200195312,1617.460693359375,1488.5556640625,194.60000610351562,1061.075927734375,3389.978759765625
2023-02-14 00:00:00+00:00,767.3790283203125,1632.43212890625,1513.0570068359375,195.97999572753906,1086.080322265625,3407.20947265625
2023-02-15 00:00:00+00:00,777.4761352539062,1629.1160888671875,1516.6658935546875,197.0800018310547,1110.6734619140625,3427.2138671875
2023-02-16 00:00:00+00:00,776.5357055664062,1623.2152099609375,1521.1767578125,197.35000610351562,1109.8057861328125,3463.62109375
2023-02-17 00:00:00+00:00,768.9628295898438,1615.071044921875,1504.082763671875,196.3000030517578,1114.44140625,3408.23095703125
2023-02-20 00:00:00+00:00,771.2891235351562,1599.9044189453125,1512.2972412109375,195.58999633789062,1102.658447265625,3394.7490234375
2023-02-21 00:00:00+00:00,771.1901245117188,1605.90283203125,1499.9991455078125,195.25999450683594,1111.655517578125,3359.41259765625
2023-02-22 00:00:00+00:00,764.3598022460938,1574.399169921875,1483.1900634765625,192.50999450683594,1086.445556640625,3311.27490234375
2023-02-23 00:00:00+00:00,755.2525634765625,1563.71923828125,1472.648681640625,192.00999450683594,1081.2392578125,3323.19921875
2023-02-24 00:00:00+00:00,749.4615478515625,1549.7718505859375,1472.601318359375,191.4600067138672,1088.6376953125,3310.203857421875
2023-02-27 00:00:00+00:00,745.3040161132812,1553.62451171875,1433.3326416015625,190.55999755859375,1081.39892578125,3243.42431640625
2023-02-28 00:00:00+00:00,734.7614135742188,1560.1591796875,1412.67724609375,189.6999969482422,1060.7105712890625,3224.92919921875
2023-03-01 00:00:00+00:00,742.6312255859375,1558.6474609375,1420.74951171875,191.27999877929688,1070.4610595703125,3295.845458984375
2023-03-02 00:00:00+00:00,732.6331176757812,1545.3826904296875,1398.052490234375,189.92999267578125,1062.3089599609375,3233.300048828125
2023-03-03 00:00:00+00:00,756.6879272460938,1576.057373046875,1404.8426513671875,192.50999450683594,1089.4140625,3253.451171875
2023-03-06 00:00:00+00:00,758.86572265625,1587.1763916015625,1431.5755615234375,193.6300048828125,1100.0552978515625,3282.36328125
2023-03-08 00:00:00+00:00,758.8162231445312,1590.34619140625,1417.5679931640625,193.9499969482422,1104.005859375,3300.420654296875
2023-03-09 00:00:00+00:00,765.59716796875,1590.492431640625,1405.88720703125,192.63999938964844,1077.471435546875,3248.291748046875
2023-03-10 00:00:00+00:00,765.943603515625,1549.479248046875,1397.482666015625,190.75,1060.779052734375,3242.59716796875
2023-03-13 00:00:00+00:00,757.578857421875,1529.8748779296875,1362.8673095703125,188.1199951171875,1043.3331298828125,3194.84912109375
2023-03-14 00:00:00+00:00,764.0132446289062,1525.7783203125,1348.52734375,186.91000366210938,1039.42822265625,3129.626953125
2023-03-15 00:00:00+00:00,749.0161743164062,1503.882080078125,1348.195068359375,186.10000610351562,1021.66259765625,3114.002685546875
2023-03-16 00:00:00+00:00,738.4241333007812,1513.635498046875,1333.4276123046875,186.22999572753906,1016.5703735351562,3100.471923828125
2023-03-17 00:00:00+00:00,749.610107421875,1533.873779296875,1349.1920166015625,187.4199981689453,1015.2916870117188,3094.9228515625
2023-03-20 00:00:00+00:00,747.184814453125,1523.2425537109375,1333.000244140625,186.1999969482422,1005.312744140625,3059.878662109375
2023-03-21 00:00:00+00:00,749.3131103515625,1540.506103515625,1320.7020263671875,187.4600067138672,1036.573974609375,3023.666015625
2023-03-22 00:00:00+00:00,749.065673828125,1536.9461669921875,1319.3250732421875,187.8800048828125,1039.72509765625,3047.710205078125
2023-03-23 00:00:00+00:00,755.8465576171875,1524.6080322265625,1305.364990234375,186.91000366210938,1026.572265625,3041.723388671875
2023-03-24 00:00:00+00:00,754.7576293945312,1522.169677734375,1311.157958984375,185.67999267578125,1006.2489013671875,3037.683349609375
2023-03-27 00:00:00+00:00,754.064697265625,1528.8018798828125,1319.0400390625,186.17999267578125,1021.890869140625,3039.43603515625
2023-03-28 00:00:00+00:00,740.89892578125,1541.237548828125,1308.2613525390625,185.7100067138672,1026.6634521484375,3033.20556640625
2023-03-29 00:00:00+00:00,736.0977783203125,1548.6502685546875,1313.911865234375,187.08999633789062,1020.58935546875,3055.59521484375
2023-03-31 00:00:00+00:00,741.443359375,1569.864013671875,1356.0771484375,189.86000061035156,1064.592529296875,3120.817138671875
2023-04-03 00:00:00+00:00,752.8767700195312,1570.8392333984375,1339.8377685546875,190.55999755859375,1064.775146484375,3115.07373046875
2023-04-05 00:00:00+00:00,755.74755859375,1612.97412109375,1351.8985595703125,192.19000244140625,1062.2176513671875,3153.817626953125
2023-04-06 00:00:00+00:00,758.2223510742188,1625.263427734375,1350.3316650390625,192.94000244140625,1069.3421630859375,3135.224609375
2023-04-10 00:00:00+00:00,761.9840087890625,1617.55810546875,1355.744873046875,192.63999938964844,1061.7608642578125,3176.791015625
2023-04-11 00:00:00+00:00,766.339599609375,1622.2886962890625,1335.3743896484375,193.75999450683594,1067.012939453125,3128.5078125
2023-04-12 00:00:00+00:00,763.3203125,1643.3560791015625,1356.4095458984375,194.63999938964844,1071.717041015625,3155.61865234375
2023-04-13 00:00:00+00:00,759.3112182617188,1650.7198486328125,1319.2774658203125,194.77000427246094,1075.7587890625,3104.2197265625
2023-04-17 00:00:00+00:00,751.9859008789062,1625.55615234375,1194.9661865234375,193.91000366210938,1081.21630859375,3056.178955078125
2023-04-18 00:00:00+00:00,752.0848999023438,1618.679931640625,1195.96337890625,193.24000549316406,1068.8397216796875,3047.66162109375
2023-04-19 00:00:00+00:00,756.9354858398438,1624.62939453125,1170.1796875,192.86000061035156,1074.160400390625,3007.603759765625
2023-04-20 00:00:00+00:00,764.5082397460938,1630.6766357421875,1161.82275390625,192.99000549316406,1071.4429931640625,3022.400390625
2023-04-21 00:00:00+00:00,757.4799194335938,1633.3099365234375,1165.573974609375,192.85000610351562,1072.790283203125,3076.962890625
2023-04-24 00:00:00+00:00,752.5797729492188,1646.5260009765625,1164.5767822265625,193.9499969482422,1076.900634765625,3090.54248046875
2023-04-25 00:00:00+00:00,764.80517578125,1623.11767578125,1163.247314453125,194.1300048828125,1085.1439208984375,3091.71044921875
2023-04-26 00:00:00+00:00,765.6466674804688,1630.5791015625,1165.763916015625,194.6199951171875,1078.77294921875,3113.2724609375
2023-04-27 00:00:00+00:00,778.5650024414062,1639.55224609375,1183.522705078125,195.92999267578125,1085.6005859375,3103.343505859375
2023-04-28 00:00:00+00:00,791.2357788085938,1645.989501953125,1189.6954345703125,197.2899932861328,1105.4443359375,3133.81298828125
2023-05-02 00:00:00+00:00,782.2276611328125,1645.6480712890625,1213.1522216796875,198.38999938964844,1114.82958984375,3133.958740234375
2023-05-03 00:00:00+00:00,771.4375610351562,1651.402587890625,1205.27001953125,197.67999267578125,1105.26171875,3095.50732421875
2023-05-04 00:00:00+00:00,781.1387329101562,1685.1983642578125,1209.448486328125,199.44000244140625,1118.003662109375,3135.224609375
2023-05-05 00:00:00+00:00,779.3568725585938,1585.5670166015625,1195.7257080078125,197.83999633789062,1115.149169921875,3144.958984375
2023-05-08 00:00:00+00:00,785.7418212890625,1603.9034423828125,1201.898681640625,199.7100067138672,1128.9188232421875,3164.3310546875
2023-05-09 00:00:00+00:00,785.5933227539062,1603.9521484375,1206.7420654296875,199.6999969482422,1132.4124755859375,3196.1142578125
2023-05-10 00:00:00+00:00,788.0186157226562,1611.36474609375,1199.6669921875,200.0,1140.1993408203125,3199.570068359375
2023-05-11 00:00:00+00:00,780.6437377929688,1612.4376220703125,1192.8768310546875,200.35000610351562,1132.7550048828125,3195.043701171875
2023-05-12 00:00:00+00:00,783.9600219726562,1626.677734375,1182.525390625,200.25999450683594,1134.604736328125,3187.40234375
2023-05-15 00:00:00+00:00,789.008544921875,1634.48046875,1195.0135498046875,201.33999633789062,1136.842529296875,3168.662841796875
2023-05-16 00:00:00+00:00,779.4064331054688,1625.1085205078125,1200.6640625,200.50999450683594,1120.652587890625,3171.680419921875
2023-05-17 00:00:00+00:00,784.2569580078125,1616.3775634765625,1184.139892578125,199.75999450683594,1114.0303955078125,3123.542724609375
2023-05-18 00:00:00+00:00,791.2853393554688,1622.83935546875,1183.2852783203125,199.0500030517578,1111.6326904296875,3114.927978515625
2023-05-19 00:00:00+00:00,797.6207885742188,1624.7138671875,1205.0325927734375,199.82000732421875,1115.240478515625,3137.317138671875
2023-05-22 00:00:00+00:00,793.7600708007812,1618.942626953125,1227.729736328125,200.74000549316406,1121.2005615234375,3211.154296875
2023-05-23 00:00:00+00:00,791.8792724609375,1615.1444091796875,1234.61474609375,201.02000427246094,1120.9949951171875,3209.548095703125
2023-05-24 00:00:00+00:00,793.314697265625,1594.0328369140625,1233.28515625,200.24000549316406,1114.464111328125,3215.680908203125
2023-05-25 00:00:00+00:00,814.3997802734375,1587.916259765625,1238.6983642578125,200.6999969482422,1114.3271484375,3206.092041015625
2023-05-26 00:00:00+00:00,809.6976928710938,1594.0328369140625,1251.1387939453125,202.85000610351562,1144.720703125,3240.552490234375
2023-05-29 00:00:00+00:00,812.96435546875,1613.4674072265625,1248.2425537109375,204.13999938964844,1151.16015625,3232.22998046875
2023-05-30 00:00:00+00:00,810.1926879882812,1614.7005615234375,1257.2166748046875,204.36000061035156,1150.86328125,3228.189697265625
2023-05-31 00:00:00+00:00,841.3253784179688,1589.1494140625,1251.9461669921875,203.66000366210938,1128.0052490234375,3202.19873046875
2023-06-01 00:00:00+00:00,819.5968017578125,1582.3917236328125,1253.0858154296875,202.99000549316406,1124.96826171875,3235.78271484375
2023-06-02 00:00:00+00:00,828.060546875,1584.8580322265625,1250.198486328125,203.83999633789062,1121.291748046875,3217.871337890625
2023-06-05 00:00:00+00:00,826.0806884765625,1582.786376953125,1255.4918212890625,204.27999877929688,1131.3621826171875,3201.614013671875
2023-06-06 00:00:00+00:00,821.0816650390625,1577.853759765625,1230.9498291015625,204.0399932861328,1132.3211669921875,3146.5166015625
2023-06-07 00:00:00+00:00,835.7322998046875,1586.0418701171875,1240.52587890625,205.33999633789062,1140.9072265625,3187.985595703125
2023-06-08 00:00:00+00:00,827.5655517578125,1587.0283203125,1234.607177734375,204.50999450683594,1141.5921630859375,3150.555908203125
2023-06-09 00:00:00+00:00,825.0907592773438,1588.90283203125,1218.39013671875,204.02999877929688,1133.5086669921875,3124.126708984375
2023-06-12 00:00:00+00:00,827.9119873046875,1579.23486328125,1243.413330078125,204.4600067138672,1134.513427734375,3160.728759765625
2023-06-13 00:00:00+00:00,825.9321899414062,1581.8984375,1255.8287353515625,205.4499969482422,1151.2742919921875,3157.614013671875
2023-06-14 00:00:00+00:00,819.5968017578125,1580.1719970703125,1251.5457763671875,205.85000610351562,1165.4320068359375,3164.768798828125
2023-06-15 00:00:00+00:00,821.3291015625,1560.7374267578125,1238.4569091796875,205.30999755859375,1165.751708984375,3154.226318359375
2023-06-16 00:00:00+00:00,829.347412109375,1581.1585693359375,1243.1246337890625,206.69000244140625,1177.1007080078125,3113.625244140625
2023-06-19 00:00:00+00:00,819.7947998046875,1582.539794921875,1245.3863525390625,205.8699951171875,1165.4091796875,3148.4404296875
2023-06-20 00:00:00+00:00,822.8140258789062,1585.8446044921875,1254.4332275390625,206.5,1167.82958984375,3165.406494140625
2023-06-21 00:00:00+00:00,830.5353393554688,1613.5660400390625,1250.5352783203125,206.8699951171875,1171.1180419921875,3195.317626953125
2023-06-22 00:00:00+00:00,834.2969970703125,1621.458251953125,1233.404052734375,206.24000549316406,1157.9649658203125,3175.997802734375
2023-06-23 00:00:00+00:00,846.1759033203125,1621.359619140625,1217.4757080078125,204.97999572753906,1148.488525390625,3154.275390625
2023-06-26 00:00:00+00:00,843.3546752929688,1613.5167236328125,1222.624755859375,205.1699981689453,1139.7198486328125,3128.09033203125
2023-06-27 00:00:00+00:00,856.1740112304688,1636.2562255859375,1231.09423828125,206.4600067138672,1140.130859375,3135.64208984375
2023-06-28 00:00:00+00:00,863.4003295898438,1653.56982421875,1244.7607421875,208.17999267578125,1155.224853515625,3153.392578125
2023-06-30 00:00:00+00:00,869.88427734375,1678.4796142578125,1285.3271484375,210.61000061035156,1164.7012939453125,3238.517578125
2023-07-03 00:00:00+00:00,870.2802124023438,1696.6318359375,1283.5948486328125,212.3000030517578,1194.5924072265625,3209.1455078125
2023-07-04 00:00:00+00:00,856.4214477539062,1704.9185791015625,1294.61474609375,213.05999755859375,1182.2843017578125,3244.990234375
2023-07-05 00:00:00+00:00,857.9063720703125,1650.7581787109375,1296.6839599609375,212.9199981689453,1180.34326171875,3255.8759765625
2023-07-06 00:00:00+00:00,860.8760986328125,1652.435302734375,1293.4117431640625,213.9600067138672,1205.1192626953125,3258.76904296875
2023-07-07 00:00:00+00:00,861.6680297851562,1638.031982421875,1280.226318359375,212.72000122070312,1202.767333984375,3264.99658203125
2023-07-10 00:00:00+00:00,876.4672241210938,1634.1351318359375,1279.2158203125,212.63999938964844,1249.099609375,3208.80224609375
2023-07-11 00:00:00+00:00,882.9016723632812,1626.193603515625,1297.93505859375,213.4499969482422,1262.6407470703125,3209.243408203125
2023-07-12 00:00:00+00:00,880.9713134765625,1610.95166015625,1283.2098388671875,213.25,1264.03369140625,3196.984619140625
2023-07-13 00:00:00+00:00,876.1206665039062,1618.991943359375,1313.8153076171875,213.69000244140625,1252.73046875,3276.078369140625
2023-07-14 00:00:00+00:00,877.5560913085938,1622.34619140625,1372.379150390625,214.8300018310547,1251.6800537109375,3446.818115234375
2023-07-17 00:00:00+00:00,869.2408447265625,1656.28271484375,1369.49169921875,216.52999877929688,1277.2552490234375,3424.31103515625
2023-07-18 00:00:00+00:00,866.6175537109375,1654.901611328125,1419.77880859375,217.02000427246094,1288.101806640625,3429.362060546875
2023-07-19 00:00:00+00:00,861.9649658203125,1662.399169921875,1419.5382080078125,217.97000122070312,1297.8753662109375,3403.078857421875
2023-07-20 00:00:00+00:00,875.9227294921875,1666.0,1395.04443359375,219.50999450683594,1296.303466796875,3405.291748046875
2023-07-21 00:00:00+00:00,877.0610961914062,1653.1751708984375,1281.57373046875,217.47999572753906,1256.1751708984375,3311.882568359375
2023-07-24 00:00:00+00:00,879.189453125,1655.7894287109375,1286.385986328125,216.72999572753906,1230.7669677734375,3337.889404296875
2023-07-25 00:00:00+00:00,874.73486328125,1673.7442626953125,1284.4610595703125,216.63999938964844,1229.9754638671875,3342.2158203125
2023-07-26 00:00:00+00:00,880.4268798828125,1667.9237060546875,1298.1756591796875,217.72000122070312,1249.9654541015625,3331.547607421875
2023-07-27 00:00:00+00:00,886.1187744140625,1650.6102294921875,1302.314208984375,216.6300048828125,1238.3375244140625,3340.00341796875
2023-07-28 00:00:00+00:00,886.0692749023438,1621.359619140625,1290.139404296875,216.33999633789062,1250.7818603515625,3299.19873046875
2023-07-31 00:00:00+00:00,880.9218139648438,1628.955810546875,1304.768310546875,217.5800018310547,1261.3704833984375,3364.142333984375
2023-08-01 00:00:00+00:00,882.6541137695312,1639.8570556640625,1313.9112548828125,217.22999572753906,1243.532958984375,3394.22998046875
2023-08-02 00:00:00+00:00,869.2408447265625,1618.4000244140625,1305.8751220703125,215.10000610351562,1230.2476806640625,3383.0205078125
2023-08-03 00:00:00+00:00,862.9053955078125,1606.709716796875,1313.0452880859375,213.55999755859375,1225.076904296875,3343.002685546875
2023-08-04 00:00:00+00:00,880.67431640625,1629.9423828125,1326.5673828125,215.0399932861328,1241.72705078125,3385.8720703125
2023-08-07 00:00:00+00:00,882.4066772460938,1629.0052490234375,1340.6669921875,215.9499969482422,1248.8026123046875,3425.694091796875
2023-08-08 00:00:00+00:00,876.4672241210938,1627.6734619140625,1337.9722900390625,215.7899932861328,1241.2816162109375,3412.46923828125
2023-08-09 00:00:00+00:00,874.7843017578125,1628.2652587890625,1342.014404296875,216.49000549316406,1249.470458984375,3404.504638671875
2023-08-10 00:00:00+00:00,865.97412109375,1613.8126220703125,1336.91357421875,215.3300018310547,1255.037109375,3384.446533203125
2023-08-11 00:00:00+00:00,865.7254638671875,1596.992431640625,1320.3115234375,214.39999389648438,1260.3314208984375,3391.0341796875
2023-08-14 00:00:00+00:00,862.244873046875,1589.1988525390625,1341.1964111328125,214.50999450683594,1275.2249755859375,3392.06689453125
2023-08-16 00:00:00+00:00,852.2008666992188,1584.56201171875,1365.2091064453125,214.57000732421875,1274.185791015625,3400.47314453125
2023-08-17 00:00:00+00:00,851.9522705078125,1575.7821044921875,1358.520263671875,213.6999969482422,1255.803955078125,3378.202880859375
2023-08-18 00:00:00+00:00,851.5047607421875,1569.3201904296875,1336.6248779296875,213.0,1265.1063232421875,3310.70263671875
2023-08-21 00:00:00+00:00,867.1177368164062,1568.0870361328125,1352.601318359375,213.5,1255.738037109375,3344.674072265625
2023-08-22 00:00:00+00:00,872.7861328125,1561.378662109375,1351.01318359375,213.42999267578125,1255.43896484375,3325.50048828125
2023-08-23 00:00:00+00:00,863.3388061523438,1565.22607421875,1355.055419921875,214.3699951171875,1256.8343505859375,3341.330810546875
2023-08-24 00:00:00+00:00,864.631591796875,1558.0245361328125,1370.117431640625,213.77000427246094,1235.7060546875,3331.0068359375
2023-08-25 00:00:00+00:00,868.6591186523438,1540.4642333984375,1366.7489013671875,212.75999450683594,1230.00048828125,3324.664794921875
2023-08-28 00:00:00+00:00,865.5265502929688,1556.495361328125,1362.4661865234375,212.8699951171875,1217.741943359375,3319.01123046875
2023-08-29 00:00:00+00:00,850.4605712890625,1568.8763427734375,1364.3909912109375,213.16000366210938,1206.0816650390625,3319.60107421875
2023-08-30 00:00:00+00:00,852.9963989257812,1557.4324951171875,1381.233642578125,213.5399932861328,1204.935546875,3334.153076171875
2023-08-31 00:00:00+00:00,851.6539306640625,1550.2801513671875,1381.522216796875,212.77000427246094,1199.42919921875,3300.575439453125
2023-09-01 00:00:00+00:00,861.1510009765625,1553.4864501953125,1389.606689453125,214.27000427246094,1202.2445068359375,3322.60009765625
2023-09-04 00:00:00+00:00,860.5045776367188,1563.203857421875,1410.058349609375,215.58999633789062,1201.2728271484375,3361.24169921875
2023-09-05 00:00:00+00:00,861.1012573242188,1553.683837890625,1423.33984375,215.83999633789062,1207.701171875,3371.909912109375
2023-09-06 00:00:00+00:00,875.4214477539062,1574.0062255859375,1421.9443359375,216.22000122070312,1210.242431640625,3372.45068359375
2023-09-07 00:00:00+00:00,870.4491577148438,1589.1494140625,1411.1170654296875,217.2899932861328,1211.8868408203125,3397.37646484375
2023-09-08 00:00:00+00:00,880.940673828125,1601.5303955078125,1414.3892822265625,218.41000366210938,1219.95947265625,3384.249755859375
2023-09-11 00:00:00+00:00,885.8632202148438,1609.8172607421875,1420.9818115234375,220.3800048828125,1233.1148681640625,3422.350830078125
2023-09-12 00:00:00+00:00,885.4655151367188,1614.8485107421875,1444.7059326171875,220.19000244140625,1215.30029296875,3520.823486328125
2023-09-13 00:00:00+00:00,910.0783081054688,1621.7542724609375,1442.0592041015625,221.42999267578125,1221.379638671875,3508.09033203125
2023-09-14 00:00:00+00:00,909.8794555664062,1620.7677001953125,1450.3359375,221.52999877929688,1222.5008544921875,3500.4208984375
2023-09-15 00:00:00+00:00,930.9619750976562,1639.36376953125,1454.8114013671875,222.57000732421875,1224.7681884765625,3538.0302734375
2023-09-18 00:00:00+00:00,915.100341796875,1607.1043701171875,1435.75537109375,221.9199981689453,1214.1043701171875,3545.74853515625
2023-09-20 00:00:00+00:00,905.6530151367188,1542.6346435546875,1434.2635498046875,219.60000610351562,1187.046142578125,3545.650390625
2023-09-21 00:00:00+00:00,912.86279296875,1532.424072265625,1445.33154296875,217.6300048828125,1178.4005126953125,3525.247802734375
2023-09-22 00:00:00+00:00,906.34912109375,1509.0433349609375,1439.9417724609375,216.80999755859375,1173.4921875,3543.290771484375
2023-09-25 00:00:00+00:00,905.3546752929688,1510.3751220703125,1418.768310546875,216.8000030517578,1166.2667236328125,3517.234130859375
2023-09-26 00:00:00+00:00,907.6419067382812,1516.935546875,1405.7755126953125,216.57000732421875,1167.2882080078125,3525.640869140625
2023-09-27 00:00:00+00:00,915.1500244140625,1506.281005859375,1411.886962890625,217.55999755859375,1180.443603515625,3529.1806640625
2023-09-28 00:00:00+00:00,920.5201416015625,1503.1734619140625,1385.3720703125,215.77000427246094,1163.1025390625,3477.51123046875
2023-09-29 00:00:00+00:00,921.2659912109375,1505.738525390625,1381.522216796875,216.75,1168.5340576171875,3469.497802734375
2023-10-03 00:00:00+00:00,920.1720581054688,1487.734375,1380.126708984375,215.57000732421875,1155.1544189453125,3454.994873046875
2023-10-04 00:00:00+00:00,919.1278686523438,1508.9447021484375,1390.087890625,214.39999389648438,1153.1611328125,3478.494384765625
2023-10-05 00:00:00+00:00,923.702392578125,1515.0611572265625,1408.4703369140625,215.52999877929688,1153.1363525390625,3529.230224609375
2023-10-06 00:00:00+00:00,920.9179077148438,1513.3841552734375,1423.1473388671875,216.6199951171875,1155.0797119140625,3560.7431640625
2023-10-09 00:00:00+00:00,919.4262084960938,1495.8238525390625,1420.0194091796875,215.47999572753906,1145.238037109375,3577.409423828125
2023-10-10 00:00:00+00:00,943.0942993164062,1504.3079833984375,1438.9794921875,217.1300048828125,1150.2958984375,3568.11767578125
2023-10-11 00:00:00+00:00,950.3041381835938,1518.8592529296875,1438.257568359375,218.75999450683594,1168.5589599609375,3549.43603515625
2023-10-12 00:00:00+00:00,945.0831909179688,1528.97119140625,1410.4432373046875,218.60000610351562,1170.7265625,3483.214111328125
2023-10-13 00:00:00+00:00,948.9119262695312,1515.0611572265625,1377.3839111328125,218.07000732421875,1170.6767578125,3511.040283203125
2023-10-16 00:00:00+00:00,941.3042602539062,1508.9940185546875,1380.2711181640625,217.89999389648438,1168.0606689453125,3465.02392578125
2023-10-17 00:00:00+00:00,948.364990234375,1520.437744140625,1388.25927734375,218.5500030517578,1173.6417236328125,3448.308349609375
2023-10-18 00:00:00+00:00,947.5693359375,1499.2767333984375,1386.4307861328125,217.1999969482422,1158.069580078125,3428.840087890625
2023-10-19 00:00:00+00:00,937.7242431640625,1494.5413818359375,1379.7899169921875,216.6699981689453,1149.1746826171875,3406.561279296875
2023-10-20 00:00:00+00:00,939.9617919921875,1502.28564453125,1373.63037109375,215.3000030517578,1145.6617431640625,3444.90869140625
2023-10-23 00:00:00+00:00,934.094482421875,1485.7613525390625,1355.72900390625,213.1699981689453,1127.7723388671875,3361.70751953125
2023-10-25 00:00:00+00:00,917.4869995117188,1476.3399658203125,1335.6463623046875,211.47999572753906,1125.15625,3341.942626953125
2023-10-26 00:00:00+00:00,900.4818115234375,1443.6859130859375,1325.3125,208.74000549316406,1109.484375,3289.35009765625
2023-10-27 00:00:00+00:00,909.5313110351562,1449.3583984375,1345.6876220703125,210.57000732421875,1129.0679931640625,3303.3486328125
2023-10-30 00:00:00+00:00,921.1168212890625,1465.093505859375,1342.4705810546875,211.52000427246094,1152.3389892578125,3330.556396484375
2023-10-31 00:00:00+00:00,909.33251953125,1456.609375,1334.037841796875,210.97999572753906,1140.08056640625,3320.895751953125
2023-11-01 00:00:00+00:00,908.3877563476562,1454.6363525390625,1320.1456298828125,209.99000549316406,1144.814453125,3283.3369140625
2023-11-02 00:00:00+00:00,918.7301025390625,1456.85595703125,1335.743896484375,211.63999938964844,1156.1759033203125,3312.36865234375
2023-11-03 00:00:00+00:00,925.5918579101562,1463.76171875,1354.1693115234375,212.69000244140625,1155.9267578125,3303.298828125
2023-11-06 00:00:00+00:00,933.9950561523438,1474.3668212890625,1368.0615234375,214.55999755859375,1165.544189453125,3332.232177734375
2023-11-07 00:00:00+00:00,931.9564208984375,1467.2144775390625,1369.0362548828125,214.49000549316406,1157.9698486328125,3322.571533203125
2023-11-08 00:00:00+00:00,931.55859375,1471.4566650390625,1356.0703125,214.8300018310547,1163.9993896484375,3333.51416015625
2023-11-09 00:00:00+00:00,927.1829833984375,1465.6361083984375,1340.277099609375,214.3000030517578,1151.3673095703125,3299.898193359375
2023-11-10 00:00:00+00:00,930.3155517578125,1471.4072265625,1334.4764404296875,214.24000549316406,1153.534912109375,3286.096923828125
2023-11-13 00:00:00+00:00,929.8182983398438,1468.74365234375,1339.0584716796875,214.5500030517578,1153.385498046875,3284.22412109375
2023-11-15 00:00:00+00:00,944.7351684570312,1484.133544921875,1375.08056640625,216.97000122070312,1174.2396240234375,3355.940673828125
2023-11-16 00:00:00+00:00,944.2876586914062,1488.0302734375,1408.6168212890625,218.16000366210938,1176.357421875,3448.161865234375
2023-11-17 00:00:00+00:00,942.0501098632812,1484.8240966796875,1401.451416015625,218.02000427246094,1173.7911376953125,3452.696533203125
2023-11-20 00:00:00+00:00,956.072021484375,1484.9227294921875,1400.525146484375,217.35000610351562,1170.70166015625,3469.60302734375
2023-11-21 00:00:00+00:00,965.4696044921875,1497.5008544921875,1402.8648681640625,218.38999938964844,1185.4266357421875,3460.336181640625
2023-11-22 00:00:00+00:00,964.375732421875,1492.1737060546875,1421.19287109375,218.52999877929688,1190.0609130859375,3480.0029296875
2023-11-23 00:00:00+00:00,971.2374877929688,1500.805908203125,1412.8575439453125,218.55999755859375,1193.6986083984375,3458.413818359375
2023-11-24 00:00:00+00:00,967.7568969726562,1511.4603271484375,1401.30517578125,218.47999572753906,1192.9012451171875,3407.990478515625
2023-11-28 00:00:00+00:00,979.4417724609375,1508.056884765625,1406.4720458984375,219.55999755859375,1193.150390625,3420.855224609375
2023-11-29 00:00:00+00:00,989.8836059570312,1538.14599609375,1422.9476318359375,221.66000366210938,1196.289794921875,3463.8359375
2023-11-30 00:00:00+00:00,1009.0765991210938,1537.8006591796875,1418.6094970703125,222.1300048828125,1184.7041015625,3438.057373046875
2023-12-01 00:00:00+00:00,1009.0765991210938,1534.446533203125,1415.8309326171875,223.75,1193.1007080078125,3461.765869140625
2023-12-04 00:00:00+00:00,1027.17578125,1587.718994140625,1427.578369140625,228.17999267578125,1206.0068359375,3462.55419921875
2023-12-05 00:00:00+00:00,1025.3857421875,1601.8262939453125,1417.439453125,230.05999755859375,1214.752197265625,3481.432373046875
2023-12-06 00:00:00+00:00,1018.7725219726562,1605.8712158203125,1437.278564453125,230.94000244140625,1226.3876953125,3552.902587890625
2023-12-07 00:00:00+00:00,994.4580688476562,1608.4853515625,1429.0894775390625,230.8300018310547,1224.3695068359375,3563.548828125
2023-12-08 00:00:00+00:00,994.7066650390625,1630.928955078125,1453.7054443359375,231.36000061035156,1223.7216796875,3575.18115234375
2023-12-11 00:00:00+00:00,995.3033447265625,1628.758544921875,1451.1219482421875,231.7899932861328,1225.515625,3591.151123046875
2023-12-12 00:00:00+00:00,989.734375,1612.5794677734375,1438.984619140625,230.9600067138672,1207.92529296875,3619.9365234375
2023-12-13 00:00:00+00:00,994.358642578125,1608.9293212890625,1412.6138916015625,231.14999389648438,1212.8585205078125,3542.502197265625
2023-12-14 00:00:00+00:00,999.6292724609375,1627.9200439453125,1463.7467041015625,233.99000549316406,1227.907470703125,3615.1552734375
2023-12-15 00:00:00+00:00,987.0493774414062,1634.23388671875,1538.764404296875,236.6199951171875,1243.579345703125,3806.153076171875
2023-12-18 00:00:00+00:00,984.7620849609375,1633.395263671875,1525.0672607421875,236.57000732421875,1256.236328125,3804.378662109375
2023-12-19 00:00:00+00:00,982.9721069335938,1630.633056640625,1519.1693115234375,236.6999969482422,1274.7236328125,3761.989501953125
2023-12-20 00:00:00+00:00,966.1657104492188,1634.677734375,1497.819091796875,233.25,1259.3009033203125,3726.35302734375
2023-12-21 00:00:00+00:00,972.4805908203125,1663.9775390625,1497.4290771484375,234.60000610351562,1276.941162109375,3733.697021484375
2023-12-22 00:00:00+00:00,984.0659790039062,1648.3411865234375,1523.653564453125,235.5,1278.1868896484375,3769.678466796875
2023-12-26 00:00:00+00:00,994.3088989257812,1659.784912109375,1505.179443359375,236.92999267578125,1284.6649169921875,3741.6328125
2023-12-27 00:00:00+00:00,1015.5405883789062,1680.3541259765625,1527.7481689453125,238.91000366210938,1289.050048828125,3757.060546875
2023-12-28 00:00:00+00:00,1030.95458984375,1682.2777099609375,1523.409912109375,240.16000366210938,1298.368408203125,3745.9208984375
2023-12-29 00:00:00+00:00,1026.4796142578125,1686.223876953125,1504.1558837890625,239.64999389648438,1288.1031494140625,3739.51318359375
2024-01-01 00:00:00+00:00,1007.4357299804688,1675.2239990234375,1512.3936767578125,240.35000610351562,1290.7442626953125,3756.9619140625
2024-01-02 00:00:00+00:00,1016.037841796875,1676.2105712890625,1495.869384765625,239.2100067138672,1301.4329833984375,3729.458251953125
2024-01-03 00:00:00+00:00,1029.4630126953125,1650.363525390625,1452.5843505859375,237.74000549316406,1287.281005859375,3639.3076171875
2024-01-04 00:00:00+00:00,1042.0926513671875,1668.07177734375,1474.7142333984375,239.3000030517578,1293.933349609375,3614.711669921875
2024-01-05 00:00:00+00:00,1040.7998046875,1659.5382080078125,1494.0657958984375,239.74000549316406,1299.439697265625,3684.802001953125
2024-01-08 00:00:00+00:00,1043.236328125,1641.040771484375,1484.5606689453125,237.67999267578125,1289.2991943359375,3626.048583984375
2024-01-09 00:00:00+00:00,1058.6005859375,1628.2652587890625,1490.8974609375,237.77999877929688,1285.8857421875,3637.4833984375
2024-01-10 00:00:00+00:00,1056.810546875,1633.641845703125,1481.7333984375,238.75999450683594,1320.568115234375,3660.3046875
2024-01-11 00:00:00+00:00,1056.959716796875,1626.7855224609375,1456.6787109375,238.8699951171875,1355.3001708984375,3682.4853515625
2024-01-12 00:00:00+00:00,1070.3848876953125,1619.090576171875,1572.2518310546875,241.72999572753906,1366.0885009765625,3827.643310546875
2024-01-15 00:00:00+00:00,1096.2906494140625,1650.264892578125,1610.61376953125,244.07000732421875,1389.409423828125,3848.345458984375
2024-01-16 00:00:00+00:00,1089.82666015625,1656.5294189453125,1590.579833984375,243.24000549316406,1369.975341796875,3806.44873046875
2024-01-17 00:00:00+00:00,1079.235595703125,1516.78759765625,1599.012451171875,238.3800048828125,1356.9693603515625,3829.41796875
2024-01-18 00:00:00+00:00,1081.0257568359375,1466.12939453125,1601.352294921875,237.50999450683594,1363.3228759765625,3847.162353515625
2024-01-19 00:00:00+00:00,1118.765380859375,1450.838134765625,1617.535400390625,239.14999389648438,1362.8245849609375,3896.022705078125
2024-01-23 00:00:00+00:00,1151.5823974609375,1408.1214599609375,1600.9136962890625,234.8699951171875,1324.0810546875,3812.23388671875
2024-01-24 00:00:00+00:00,1183.3553466796875,1436.286865234375,1633.32861328125,237.2899932861328,1339.329345703125,3795.97998046875
2024-01-25 00:00:00+00:00,1154.118408203125,1415.56982421875,1627.186767578125,236.14999389648438,1348.4981689453125,3764.855712890625
2024-01-29 00:00:00+00:00,1155.70947265625,1435.0537109375,1615.000732421875,240.0500030517578,1443.1519775390625,3755.666748046875
2024-01-30 00:00:00+00:00,1152.2288818359375,1424.8431396484375,1609.97998046875,238.1300048828125,1402.8636474609375,3755.221923828125
2024-01-31 00:00:00+00:00,1164.2120361328125,1442.8472900390625,1619.1927490234375,240.25999450683594,1421.7994384765625,3770.438232421875
2024-02-01 00:00:00+00:00,1144.820068359375,1446.5960693359375,1615.439453125,240.02999877929688,1421.8243408203125,3808.1826171875
2024-02-02 00:00:00+00:00,1144.42236328125,1426.668212890625,1650.827880859375,241.3000030517578,1452.769287109375,3918.995361328125
2024-02-05 00:00:00+00:00,1107.3787841796875,1425.3857421875,1644.832275390625,240.24000549316406,1434.157470703125,3925.91162109375
2024-02-06 00:00:00+00:00,1127.7652587890625,1424.645751953125,1686.021240234375,242.00999450683594,1422.970458984375,4086.67138671875
2024-02-07 00:00:00+00:00,1128.0137939453125,1410.6864013671875,1651.2178955078125,242.35000610351562,1437.27197265625,4034.698486328125
2024-02-08 00:00:00+00:00,1135.8203125,1384.14892578125,1649.6092529296875,240.27999877929688,1445.219970703125,4084.7939453125
2024-02-09 00:00:00+00:00,1114.0416259765625,1384.69140625,1627.4305419921875,240.77999877929688,1455.8089599609375,4084.398681640625
2024-02-12 00:00:00+00:00,1112.500244140625,1371.274658203125,1637.91064453125,239.32000732421875,1447.4373779296875,4071.5537109375
2024-02-13 00:00:00+00:00,1111.6549072265625,1375.6646728515625,1642.2489013671875,240.58999633789062,1460.144287109375,4100.009765625
2024-02-14 00:00:00+00:00,1109.666015625,1365.40478515625,1624.359619140625,241.5500030517578,1476.3642578125,4051.199462890625
2024-02-15 00:00:00+00:00,1114.4891357421875,1395.000732421875,1634.254638671875,242.72000122070312,1465.6256103515625,4054.262451171875
2024-02-16 00:00:00+00:00,1113.7930908203125,1400.7718505859375,1658.91943359375,243.99000549316406,1455.634521484375,4079.0625
2024-02-19 00:00:00+00:00,1135.8699951171875,1398.009521484375,1657.067138671875,245.0399932861328,1469.01416015625,4054.85498046875
2024-02-20 00:00:00+00:00,1137.6102294921875,1434.70849609375,1642.9312744140625,245.3699951171875,1466.04931640625,3982.577392578125
2024-02-21 00:00:00+00:00,1133.582763671875,1419.7625732421875,1613.9771728515625,243.8699951171875,1462.7354736328125,3943.89453125
2024-02-22 00:00:00+00:00,1129.2569580078125,1400.4266357421875,1639.129150390625,245.7899932861328,1476.7379150390625,4038.3544921875
2024-02-23 00:00:00+00:00,1119.51123046875,1401.46240234375,1634.7421875,245.69000244140625,1488.57275390625,4003.77197265625
2024-02-26 00:00:00+00:00,1103.898193359375,1403.1395263671875,1618.461669921875,244.8699951171875,1482.2940673828125,3953.33056640625
2024-02-27 00:00:00+00:00,1121.25146484375,1401.0185546875,1621.8248291015625,245.5,1480.624755859375,4055.44775390625
2024-02-28 00:00:00+00:00,1122.4945068359375,1390.413330078125,1629.2828369140625,243.07000732421875,1450.7012939453125,4069.824951171875
2024-02-29 00:00:00+00:00,1117.12451171875,1384.494140625,1631.8663330078125,243.25,1455.85888671875,4046.259033203125
2024-03-01 00:00:00+00:00,1122.44482421875,1411.4757080078125,1613.1483154296875,246.85000610351562,1487.077880859375,4045.517822265625
2024-03-04 00:00:00+00:00,1127.21826171875,1413.3994140625,1596.0877685546875,247.8300018310547,1502.30126953125,4032.03076171875
2024-03-05 00:00:00+00:00,1162.422119140625,1421.4395751953125,1566.1588134765625,247.33999633789062,1495.12548828125,3964.248779296875
2024-03-06 00:00:00+00:00,1187.0845947265625,1423.166015625,1576.9312744140625,248.6199951171875,1497.9161376953125,4015.826416015625
2024-03-07 00:00:00+00:00,1193.05126953125,1426.618896484375,1575.85888671875,248.6699981689453,1473.922607421875,4059.597900390625
2024-03-11 00:00:00+00:00,1189.968505859375,1408.5654296875,1560.406982421875,247.4499969482422,1461.63916015625,4073.184326171875
2024-03-12 00:00:00+00:00,1197.576171875,1439.8876953125,1572.4468994140625,247.4199981689453,1470.4344482421875,4142.25048828125
2024-03-13 00:00:00+00:00,1162.2728271484375,1440.726318359375,1570.9356689453125,243.7100067138672,1427.3306884765625,4099.51611328125
2024-03-14 00:00:00+00:00,1187.9796142578125,1435.8428955078125,1611.7835693359375,245.38999938964844,1426.633056640625,4157.41748046875
2024-03-15 00:00:00+00:00,1213.2388916015625,1433.0806884765625,1592.96826171875,243.8000030517578,1413.4278564453125,4168.92822265625
2024-03-18 00:00:00+00:00,1218.509521484375,1426.569580078125,1562.4053955078125,243.97999572753906,1434.60595703125,4102.97412109375
2024-03-19 00:00:00+00:00,1221.5426025390625,1429.8250732421875,1522.239990234375,241.60000610351562,1420.4290771484375,3929.86376953125
2024-03-20 00:00:00+00:00,1224.9735107421875,1411.771728515625,1515.9033203125,241.5800018310547,1438.866455078125,3923.5400390625
2024-03-21 00:00:00+00:00,1214.034423828125,1426.2735595703125,1515.6595458984375,243.99000549316406,1446.0670166015625,3925.56591796875
2024-03-22 00:00:00+00:00,1229.2496337890625,1423.41259765625,1470.9608154296875,244.74000549316406,1450.1033935546875,3864.255615234375
2024-03-26 00:00:00+00:00,1206.3770751953125,1406.19775390625,1455.167724609375,243.7899932861328,1436.6988525390625,3831.254150390625
2024-03-27 00:00:00+00:00,1218.0123291015625,1421.2916259765625,1446.5887451171875,244.9600067138672,1487.8004150390625,3795.090576171875
2024-03-28 00:00:00+00:00,1221.7911376953125,1428.3946533203125,1460.43212890625,246.9600067138672,1480.8240966796875,3830.068603515625
2024-04-01 00:00:00+00:00,1210.603515625,1450.690185546875,1457.8973388671875,248.19000244140625,1479.7528076171875,3870.0361328125
2024-04-02 00:00:00+00:00,1201.553955078125,1460.210205078125,1445.61376953125,248.64999389648438,1481.9202880859375,3837.47900390625
2024-04-03 00:00:00+00:00,1218.9072265625,1462.331298828125,1443.4691162109375,248.58999633789062,1466.622314453125,3900.221923828125
2024-04-04 00:00:00+00:00,1200.1617431640625,1507.02099609375,1449.3670654296875,249.22999572753906,1457.9766845703125,3955.5537109375
2024-04-05 00:00:00+00:00,1184.3995361328125,1528.67529296875,1441.9580078125,249.0500030517578,1455.1611328125,3931.790771484375
2024-04-08 00:00:00+00:00,1198.0235595703125,1525.7650146484375,1439.6181640625,250.75,1480.9486083984375,3925.170654296875
2024-04-09 00:00:00+00:00,1197.7750244140625,1527.688720703125,1457.3123779296875,250.74000549316406,1458.69921875,3899.48095703125
2024-04-10 00:00:00+00:00,1222.5867919921875,1515.653076171875,1468.96240234375,251.57000732421875,1474.5703125,3937.126220703125
2024-04-12 00:00:00+00:00,1218.7581787109375,1498.4874267578125,1447.466064453125,249.55999755859375,1462.1873779296875,3953.67626953125
2024-04-15 00:00:00+00:00,1217.763671875,1474.5640869140625,1431.282958984375,246.8699951171875,1459.8701171875,3894.1943359375
2024-04-16 00:00:00+00:00,1209.70849609375,1488.918212890625,1378.931396484375,245.52000427246094,1460.7921142578125,3826.6103515625
2024-04-18 00:00:00+00:00,1258.7353515625,1474.5640869140625,1383.6109619140625,243.94000244140625,1459.371826171875,3815.939208984375
2024-04-19 00:00:00+00:00,1281.8564453125,1510.671142578125,1375.811767578125,245.52999877929688,1465.15234375,3780.56591796875
2024-04-22 00:00:00+00:00,1290.359130859375,1491.828369140625,1396.7718505859375,247.30999755859375,1474.8443603515625,3818.50830078125
2024-04-23 00:00:00+00:00,1334.9107666015625,1487.2904052734375,1406.1796875,247.82000732421875,1454.3887939453125,3828.487548828125
2024-04-24 00:00:00+00:00,1328.9937744140625,1491.3350830078125,1394.8221435546875,247.94000244140625,1445.269775390625,3785.358154296875
2024-04-25 00:00:00+00:00,1331.281005859375,1490.39794921875,1402.3287353515625,249.27000427246094,1455.03662109375,3806.255859375
2024-04-26 00:00:00+00:00,1318.6513671875,1489.4608154296875,1394.3345947265625,248.44000244140625,1447.6368408203125,3775.77392578125
2024-04-29 00:00:00+00:00,1325.065673828125,1508.8953857421875,1398.7216796875,250.58999633789062,1460.069580078125,3824.041259765625
2024-04-30 00:00:00+00:00,1314.971923828125,1499.6219482421875,1384.8782958984375,250.05999755859375,1462.037841796875,3775.082275390625
2024-05-02 00:00:00+00:00,1296.8231201171875,1511.6082763671875,1378.931396484375,250.83999633789062,1461.5894775390625,3817.2236328125
2024-05-03 00:00:00+00:00,1270.32080078125,1499.128662109375,1380.735107421875,248.75,1429.1495361328125,3797.560791015625
2024-05-06 00:00:00+00:00,1276.2874755859375,1502.1376953125,1390.0938720703125,248.3699951171875,1414.7235107421875,3874.284912109375
2024-05-07 00:00:00+00:00,1279.0223388671875,1485.8599853515625,1404.765869140625,247.11000061035156,1396.7344970703125,3931.494384765625
2024-05-08 00:00:00+00:00,1281.4586181640625,1462.676513671875,1391.458740234375,247.24000549316406,1413.7518310546875,3929.51806640625
2024-05-09 00:00:00+00:00,1268.3814697265625,1428.0,1403.401123046875,243.49000549316406,1389.409423828125,3912.9677734375
2024-05-10 00:00:00+00:00,1293.939208984375,1437.9000244140625,1389.1190185546875,244.97000122070312,1402.6644287109375,3847.45849609375
2024-05-13 00:00:00+00:00,1278.8233642578125,1455.25,1387.705322265625,245.16000366210938,1397.955322265625,3900.7158203125
2024-05-14 00:00:00+00:00,1277.1826171875,1460.949951171875,1388.9239501953125,246.61000061035156,1415.271484375,3854.671630859375
2024-05-15 00:00:00+00:00,1302.640625,1438.5,1384.293212890625,246.4199981689453,1411.4844970703125,3834.119384765625
2024-05-16 00:00:00+00:00,1337.6455078125,1460.25,1416.8546142578125,248.17999267578125,1420.5286865234375,3882.43896484375
2024-05-17 00:00:00+00:00,1336.9991455078125,1464.0999755859375,1408.0318603515625,248.72999572753906,1430.84375,3815.906494140625
2024-05-21 00:00:00+00:00,1336.85009765625,1458.800048828125,1398.13671875,249.74000549316406,1431.267333984375,3802.072265625
2024-05-22 00:00:00+00:00,1340.4300537109375,1459.199951171875,1418.2681884765625,250.36000061035156,1455.7093505859375,3813.81640625
2024-05-23 00:00:00+00:00,1366.4351806640625,1492.5999755859375,1435.42626953125,254.2899932861328,1481.0234375,3874.974609375
2024-05-24 00:00:00+00:00,1380.8050537109375,1517.199951171875,1428.3094482421875,254.97999572753906,1475.2430419921875,3831.2333984375
2024-05-27 00:00:00+00:00,1376.677978515625,1527.699951171875,1434.402587890625,254.72000122070312,1461.2904052734375,3828.795166015625
2024-05-28 00:00:00+00:00,1363.4517822265625,1530.5,1430.2105712890625,254.1999969482422,1451.2742919921875,3821.6787109375
2024-05-29 00:00:00+00:00,1369.4681396484375,1508.300048828125,1414.5147705078125,252.3699951171875,1435.901611328125,3785.600830078125
2024-05-30 00:00:00+00:00,1369.5179443359375,1514.8499755859375,1391.6048583984375,250.35000610351562,1420.0303955078125,3718.37158203125
2024-05-31 00:00:00+00:00,1365.142333984375,1531.550048828125,1391.061279296875,251.14999389648438,1425.5616455078125,3653.530517578125
2024-06-03 00:00:00+00:00,1383.390625,1572.199951171875,1390.072509765625,258.1400146484375,1505.21630859375,3685.279296875
2024-06-04 00:00:00+00:00,1292.4970703125,1483.1500244140625,1377.9603271484375,250.47999572753906,1392.5487060546875,3697.37158203125
2024-06-05 00:00:00+00:00,1336.899658203125,1551.800048828125,1414.0,251.3000030517578,1415.9443359375,3728.672119140625
2024-06-06 00:00:00+00:00,1363.0042724609375,1559.699951171875,1455.675537109375,252.97999572753906,1426.757568359375,3812.223876953125
2024-06-07 00:00:00+00:00,1417.351318359375,1573.3499755859375,1516.3348388671875,258.4200134277344,1464.977783203125,3875.472412109375
2024-06-10 00:00:00+00:00,1418.14697265625,1561.300048828125,1482.8658447265625,257.94000244140625,1466.4229736328125,3840.389404296875
2024-06-11 00:00:00+00:00,1419.34033203125,1564.800048828125,1478.910888671875,258.79998779296875,1451.747802734375,3833.821044921875
2024-06-12 00:00:00+00:00,1430.428466796875,1574.1500244140625,1468.4796142578125,259.3900146484375,1458.375244140625,3813.468017578125
2024-06-13 00:00:00+00:00,1417.8486328125,1580.75,1477.131103515625,260.29998779296875,1460.2938232421875,3859.747314453125
2024-06-14 00:00:00+00:00,1419.489501953125,1596.9000244140625,1472.1380615234375,260.6499938964844,1472.55224609375,3813.8662109375
2024-06-18 00:00:00+00:00,1420.4342041015625,1607.800048828125,1481.333251953125,261.55999755859375,1476.0155029296875,3796.99658203125
2024-06-19 00:00:00+00:00,1384.6336669921875,1657.8499755859375,1494.3353271484375,261.3800048828125,1453.7161865234375,3783.66015625
2024-06-20 00:00:00+00:00,1373.495849609375,1669.3499755859375,1498.3397216796875,261.7200012207031,1468.7152099609375,3769.27880859375
2024-06-21 00:00:00+00:00,1408.202392578125,1665.75,1515.4449462890625,260.8699951171875,1449.2811279296875,3792.6669921875
2024-06-24 00:00:00+00:00,1411.931640625,1672.4000244140625,1509.9573974609375,261.6600036621094,1436.59912109375,3798.6884765625
2024-06-25 00:00:00+00:00,1407.1083984375,1711.3499755859375,1524.5908203125,263.5899963378906,1449.2313232421875,3820.235595703125
2024-06-26 00:00:00+00:00,1451.41162109375,1701.5,1523.3548583984375,265.010009765625,1508.90380859375,3837.55322265625
2024-06-27 00:00:00+00:00,1467.621337890625,1696.1500244140625,1555.6373291015625,266.95001220703125,1525.3729248046875,3915.4814453125
2024-06-28 00:00:00+00:00,1436.0472412109375,1683.800048828125,1549.111572265625,267.4800109863281,1560.1051025390625,3885.623779296875
2024-07-01 00:00:00+00:00,1445.9420166015625,1705.199951171875,1572.890869140625,268.29998779296875,1554.872802734375,3959.322509765625
2024-07-02 00:00:00+00:00,1411.0863037109375,1730.5999755859375,1602.8004150390625,269.0299987792969,1559.880859375,3998.336669921875
2024-07-03 00:00:00+00:00,1411.9813232421875,1768.6500244140625,1609.078857421875,270.2300109863281,1547.1739501953125,3946.43408203125
2024-07-04 00:00:00+00:00,1415.16357421875,1727.1500244140625,1632.067138671875,270.5299987792969,1548.7685546875,4001.86962890625
2024-07-05 00:00:00+00:00,1421.776611328125,1648.0999755859375,1628.903076171875,270.5299987792969,1583.25146484375,3992.76318359375
2024-07-08 00:00:00+00:00,1427.196533203125,1635.3499755859375,1642.9432373046875,270.0400085449219,1595.4849853515625,3974.25146484375
2024-07-09 00:00:00+00:00,1427.5943603515625,1636.5,1638.493896484375,271.3800048828125,1584.8958740234375,3966.587890625
2024-07-10 00:00:00+00:00,1437.041748046875,1626.0999755859375,1629.694091796875,270.9200134277344,1578.8663330078125,3890.600341796875
2024-07-11 00:00:00+00:00,1429.98095703125,1621.9000244140625,1634.093994140625,270.75,1575.303466796875,3905.081298828125
2024-07-12 00:00:00+00:00,1425.3070068359375,1622.699951171875,1692.479248046875,271.94000244140625,1591.3240966796875,4164.0966796875
2024-07-15 00:00:00+00:00,1429.6329345703125,1622.0999755859375,1687.8321533203125,273.0899963378906,1591.8223876953125,4149.41650390625
2024-07-16 00:00:00+00:00,1458.372802734375,1619.75,1706.6182861328125,273.54998779296875,1570.9183349609375,4158.62255859375
2024-07-18 00:00:00+00:00,1475.427734375,1614.800048828125,1738.258056640625,275.510009765625,1581.30810546875,4295.07177734375
2024-07-19 00:00:00+00:00,1453.6490478515625,1607.300048828125,1772.7650146484375,273.2900085449219,1549.8897705078125,4291.92919921875
2024-07-22 00:00:00+00:00,1457.2789306640625,1642.550048828125,1790.4635009765625,272.45001220703125,1495.5989990234375,4276.916015625
2024-07-23 00:00:00+00:00,1457.5771484375,1618.4000244140625,1816.2203369140625,272.6400146484375,1482.8671875,4291.8798828125
2024-07-24 00:00:00+00:00,1447.1353759765625,1604.050048828125,1813.303466796875,271.8900146484375,1490.6407470703125,4295.77001953125
2024-07-25 00:00:00+00:00,1441.118896484375,1616.5999755859375,1804.305908203125,271.9200134277344,1487.3519287109375,4311.98046875
2024-07-26 00:00:00+00:00,1506.00732421875,1618.1500244140625,1857.7474365234375,276.05999755859375,1503.9207763671875,4377.17138671875
2024-07-29 00:00:00+00:00,1473.1405029296875,1605.050048828125,1850.0352783203125,276.67999267578125,1514.958251953125,4370.43798828125
2024-07-30 00:00:00+00:00,1462.201416015625,1615.550048828125,1856.0172119140625,277.1000061035156,1508.03173828125,4354.7265625
2024-07-31 00:00:00+00:00,1483.2840576171875,1615.75,1847.21728515625,277.75,1500.3328857421875,4374.677734375
2024-08-01 00:00:00+00:00,1497.1566162109375,1638.800048828125,1831.7435302734375,278.3299865722656,1510.174560546875,4386.39892578125
2024-08-02 00:00:00+00:00,1485.521484375,1659.1500244140625,1800.697021484375,275.69000244140625,1494.25341796875,4272.62646484375
2024-08-05 00:00:00+00:00,1457.5771484375,1615.75,1732.17724609375,269.4800109863281,1442.4293212890625,4144.93798828125
2024-08-06 00:00:00+00:00,1435.550048828125,1601.199951171875,1731.38623046875,267.6099853515625,1451.125,4161.048828125
2024-08-07 00:00:00+00:00,1441.75,1623.5,1771.479736328125,271.1000061035156,1459.8701171875,4190.2275390625
2024-08-08 00:00:00+00:00,1451.800048828125,1642.699951171875,1723.5257568359375,269.3299865722656,1444.223388671875,4162.39501953125
2024-08-09 00:00:00+00:00,1464.0999755859375,1650.199951171875,1750.81494140625,271.5899963378906,1469.313232421875,4218.45849609375
2024-08-12 00:00:00+00:00,1458.5999755859375,1660.0999755859375,1777.1650390625,271.44000244140625,1455.6844482421875,4185.43896484375
2024-08-13 00:00:00+00:00,1459.699951171875,1603.199951171875,1777.21435546875,269.5199890136719,1458.67431640625,4186.736328125
2024-08-14 00:00:00+00:00,1471.699951171875,1607.800048828125,1802.7239990234375,269.3399963378906,1456.9052734375,4284.796875
2024-08-16 00:00:00+00:00,1483.550048828125,1632.0999755859375,1838.02197265625,273.80999755859375,1473.199951171875,4405.302734375
2024-08-19 00:00:00+00:00,1469.6500244140625,1631.550048828125,1843.8062744140625,274.42999267578125,1488.4000244140625,4479.07275390625
2024-08-20 00:00:00+00:00,1449.1500244140625,1637.699951171875,1851.122802734375,275.8299865722656,1495.949951171875,4512.29150390625
2024-08-21 00:00:00+00:00,1463.449951171875,1625.800048828125,1851.6171875,276.1199951171875,1498.675048828125,4540.42333984375
2024-08-22 00:00:00+00:00,1486.3499755859375,1631.300048828125,1859.082275390625,276.4800109863281,1498.125,4491.04345703125
2024-08-23 00:00:00+00:00,1506.75,1625.050048828125,1841.1365966796875,276.6000061035156,1499.9749755859375,4453.0361328125
2024-08-26 00:00:00+00:00,1513.550048828125,1639.949951171875,1855.0284423828125,278.8399963378906,1512.5999755859375,4491.49267578125
2024-08-27 00:00:00+00:00,1522.75,1637.75,1878.708740234375,278.70001220703125,1500.449951171875,4486.20556640625
2024-08-28 00:00:00+00:00,1556.3499755859375,1637.0999755859375,1917.2696533203125,278.94000244140625,1498.300048828125,4495.08349609375
2024-08-29 00:00:00+00:00,1565.9000244140625,1638.550048828125,1911.58447265625,280.1000061035156,1520.925048828125,4500.81982421875
2024-08-30 00:00:00+00:00,1589.050048828125,1636.9000244140625,1921.81787109375,281.0799865722656,1509.625,4542.66796875
2024-09-02 00:00:00+00:00,1571.3499755859375,1626.949951171875,1942.3837890625,281.45001220703125,1516.25,4510.046875
2024-09-03 00:00:00+00:00,1560.5999755859375,1637.3499755859375,1919.3955078125,281.7200012207031,1509.125,4501.36865234375
2024-09-04 00:00:00+00:00,1561.9000244140625,1641.800048828125,1900.80712890625,281.2799987792969,1514.550048828125,4468.34912109375
2024-09-05 00:00:00+00:00,1547.199951171875,1645.449951171875,1911.38671875,280.42999267578125,1492.9749755859375,4465.05712890625
2024-09-06 00:00:00+00:00,1539.25,1636.949951171875,1880.4390869140625,277.82000732421875,1464.824951171875,4445.90380859375
2024-09-09 00:00:00+00:00,1542.6500244140625,1646.5,1873.3201904296875,277.67999267578125,1462.449951171875,4438.72119140625
2024-09-10 00:00:00+00:00,1577.8499755859375,1650.3499755859375,1890.771484375,279.20001220703125,1461.5250244140625,4496.87939453125
2024-09-11 00:00:00+00:00,1577.800048828125,1643.9000244140625,1888.6456298828125,277.5400085449219,1451.5,4468.44873046875
2024-09-12 00:00:00+00:00,1646.75,1666.5999755859375,1928.491943359375,282.7099914550781,1479.800048828125,4506.70556640625
2024-09-13 00:00:00+00:00,1634.449951171875,1665.949951171875,1922.21337890625,283.19000244140625,1472.625,4511.59375
2024-09-16 00:00:00+00:00,1635.449951171875,1670.949951171875,1928.294189453125,283.2699890136719,1471.3499755859375,4502.26611328125
2024-09-17 00:00:00+00:00,1661.75,1668.800048828125,1930.568359375,283.8900146484375,1472.300048828125,4494.6845703125
2024-09-18 00:00:00+00:00,1654.9000244140625,1694.800048828125,1870.8482666015625,283.3599853515625,1463.449951171875,4335.57275390625
2024-09-19 00:00:00+00:00,1664.8499755859375,1708.5,1872.8751220703125,283.9200134277344,1469.675048828125,4285.6943359375
2024-09-20 00:00:00+00:00,1711.75,1741.199951171875,1884.295166015625,287.1000061035156,1485.925048828125,4274.4716796875
2024-09-23 00:00:00+00:00,1750.449951171875,1759.800048828125,1875.099853515625,289.3399963378906,1493.375,4258.11181640625
2024-09-24 00:00:00+00:00,1756.6500244140625,1768.050048828125,1877.2255859375,289.29998779296875,1489.375,4260.90478515625
2024-09-25 00:00:00+00:00,1760.4000244140625,1779.0999755859375,1873.962890625,290.0899963378906,1493.949951171875,4264.3466796875
2024-09-26 00:00:00+00:00,1771.0999755859375,1783.449951171875,1878.8570556640625,291.54998779296875,1497.949951171875,4282.0537109375
2024-09-27 00:00:00+00:00,1734.5999755859375,1752.6500244140625,1885.283935546875,291.9700012207031,1526.175048828125,4298.21435546875
2024-09-30 00:00:00+00:00,1709.550048828125,1732.050048828125,1854.484619140625,288.3800048828125,1476.574951171875,4258.11181640625
2024-10-01 00:00:00+00:00,1698.699951171875,1726.199951171875,1882.910888671875,288.2699890136719,1464.824951171875,4277.46484375
2024-10-03 00:00:00+00:00,1673.449951171875,1682.0,1872.084228515625,282.69000244140625,1406.9749755859375,4222.44873046875
2024-10-04 00:00:00+00:00,1640.9000244140625,1657.6500244140625,1896.5555419921875,280.1499938964844,1386.5250244140625,4241.9013671875
2024-10-07 00:00:00+00:00,1662.050048828125,1617.800048828125,1912.5238037109375,278.010009765625,1370.7249755859375,4262.45166015625
2024-10-08 00:00:00+00:00,1657.449951171875,1651.050048828125,1926.6134033203125,279.3999938964844,1397.3499755859375,4242.89892578125
2024-10-09 00:00:00+00:00,1678.0999755859375,1633.1500244140625,1930.7659912109375,278.7200012207031,1374.5999755859375,4242.60009765625
2024-10-10 00:00:00+00:00,1678.0999755859375,1662.4000244140625,1897.39599609375,279.29998779296875,1371.050048828125,4217.11181640625
2024-10-11 00:00:00+00:00,1687.4000244140625,1651.0,1913.314697265625,278.7200012207031,1372.0999755859375,4139.1025390625
2024-10-14 00:00:00+00:00,1695.5999755859375,1688.0999755859375,1936.8468017578125,280.760009765625,1372.5250244140625,4126.58251953125
2024-10-15 00:00:00+00:00,1717.25,1684.0999755859375,1937.2423095703125,279.8299865722656,1344.0250244140625,4106.78076171875
2024-10-16 00:00:00+00:00,1733.949951171875,1699.800048828125,1898.483642578125,278.5,1354.074951171875,4084.984130859375
2024-10-17 00:00:00+00:00,1701.1500244140625,1673.1500244140625,1945.9432373046875,276.69000244140625,1356.425048828125,4099.0
2024-10-18 00:00:00+00:00,1707.8499755859375,1681.8499755859375,1858.4395751953125,277.5299987792969,1359.300048828125,4123.0498046875
2024-10-21 00:00:00+00:00,1692.550048828125,1728.699951171875,1831.891845703125,276.4700012207031,1369.199951171875,4079.85009765625
2024-10-22 00:00:00+00:00,1692.25,1714.550048828125,1830.7547607421875,273.55999755859375,1343.3499755859375,4015.5
2024-10-23 00:00:00+00:00,1685.800048828125,1735.800048828125,1852.309326171875,273.0899963378906,1338.5250244140625,4066.25
2024-10-24 00:00:00+00:00,1678.449951171875,1749.6500244140625,1842.3724365234375,272.1199951171875,1339.800048828125,4047.89990234375
2024-10-25 00:00:00+00:00,1666.0,1743.4000244140625,1841.087158203125,270.4800109863281,1327.8499755859375,4057.550048828125
2024-10-28 00:00:00+00:00,1663.3499755859375,1734.199951171875,1844.3499755859375,271.9700012207031,1334.3499755859375,4090.85009765625
2024-10-29 00:00:00+00:00,1637.0999755859375,1751.8499755859375,1839.300048828125,273.5899963378906,1340.0,4075.25
2024-10-30 00:00:00+00:00,1633.3499755859375,1734.5999755859375,1802.0999755859375,272.1600036621094,1343.9000244140625,4084.64990234375
2024-10-31 00:00:00+00:00,1612.5999755859375,1735.699951171875,1757.25,270.6400146484375,1332.050048828125,3968.449951171875
